id,name,name_2,Coordenada_x,Coordenada_y
1,Avenida San Borja Sur,JirÃ³n Franz Liszt,-76.9930599,-12.1007318
2,Avenida San Borja Sur,JirÃ³n Franz Schubert,-76.9920735,-12.1013361
3,Avenida San Borja Sur,Avenida San Borja Sur,-76.9920735,-12.1013361
4,Avenida San Borja Norte,Avenida Buena Vista,-76.9810475,-12.0965535
5,Avenida San Borja Norte,Pasaje 21,-76.9823498,-12.0967387
6,Intercambio Vial El Derby,Intercambio Vial El Derby,-76.9802707,-12.0976878
7,Avenida Buena Vista,Avenida San Borja Norte,-76.9810475,-12.0965535
8,Avenida Buena Vista,Calle 20,-76.9809186,-12.0973416
9,Avenida Buena Vista,Hurtado,-76.9808162,-12.0980419
10,Avenida Buena Vista,Yeves,-76.9806065,-12.0995541
11,Avenida Buena Vista,Sena,-76.9804802,-12.1005032
12,Avenida Buena Vista,Intercambio Vial El Derby,-76.9810558053798,-12.0964963946488
13,Avenida Buena Vista,Avenida Juan Bielovucic Cavalier,-76.9802441,-12.1033651
14,Avenida Buena Vista,Avenida Buena Vista,-76.9802345,-12.1034335
15,Avenida Buena Vista,Avenida Primavera,-76.9799998,-12.1102542
16,Avenida Buena Vista,Duarez,-76.979851,-12.1088881
17,Bielovucic Cavalier,Avenida Buena Vista,-76.9801909,-12.1030455
18,Bielovucic Cavalier,Avenida Juan Bielovucic Cavalier,-76.9801909,-12.1030455
19,Avenida Juan Bielovucic Cavalier,Avenida Juan Bielovucic Cavalier,-76.9849349,-12.1037367
20,Avenida Juan Bielovucic Cavalier,Avenida Velasco Astete,-76.9849349,-12.1037367
21,Avenida Juan Bielovucic Cavalier,Avenida Buena Vista,-76.9802441,-12.1033651
22,Avenida Juan Bielovucic Cavalier,Alameda Los Picaflores,-76.9830843,-12.1035712
23,Avenida Juan Bielovucic Cavalier,Buena fe,-76.9816894,-12.1034626
24,Avenida Esmeralda,JirÃ³n Los Recuerdos,-76.9806057,-12.107799
25,Avenida Esmeralda,JirÃ³n Las Garzas,-76.9825824,-12.1078017
26,Avenida Esmeralda,Avenida Esmeralda,-76.9825824,-12.1078017
27,Avenida Esmeralda,Calle Matamoros,-76.9857642,-12.1078366
28,Avenida Esmeralda,Avenida Velasco Astete,-76.9848098,-12.1077689
29,Avenida de la Floresta,Avenida de la Floresta,-76.9889312,-12.1046823
30,Avenida de la Floresta,Avenida Esmeralda,-76.9885654,-12.1076511
31,Avenida de la Floresta,Calle La Florencia,-76.9888101,-12.1063761
32,Avenida de la Floresta,JirÃ³n Paseo del Bosque,-76.9894348,-12.1033654
33,Avenida Primavera,Avenida Primavera,-76.9844503,-12.1104602
34,Avenida Primavera,Avenida Velasco Astete,-76.9844503,-12.1104602
35,Avenida San Luis,Bosque,-76.9928656,-12.1091027
36,Avenida San Luis,San Borja,-76.9926306,-12.1085456
37,Avenida San Luis,Calle Melissa,-76.9924038,-12.1080078
38,Avenida San Luis,Avenida San Luis,-76.9924038,-12.1080078
39,Avenida San Luis,Avenida JoaquÃ­n de la Madrid,-76.9924038,-12.1080078
40,Avenida Lima Polo,Avenida La Encalada,-76.9692345,-12.0990933
41,Avenida Lima Polo,Avenida El Derby,-76.9692345,-12.0990933
42,Avenida Lima Polo,Avenida Lima Polo,-76.9691036,-12.0990913
43,Avenida Lima Polo,Calle La Girlada,-76.9682246,-12.0990917
44,Avenida El Derby,Avenida Manuel Olguin,-76.9732791,-12.0979439
45,Avenida El Derby,Avenida El Derby,-76.9732791,-12.0979439
46,Avenida El Polo,JirÃ³n Buen Retiro,-76.9689547,-12.0959419
47,Avenida El Polo,JirÃ³n El Cortijo,-76.9697788,-12.0971015
48,Avenida El Polo,Avenida La Encalada,-76.9697788,-12.0971015
49,Avenida El Polo,Avenida El Polo,-76.9689547,-12.0959419
50,Avenida La Encalada,Paramonga,-76.9730998,-12.110729
51,Avenida La Encalada,JirÃ³n Alonso de Molina,-76.9740217,-12.1129485
52,Avenida La Encalada,Pucala,-76.9738774,-12.1126526
53,Avenida La Encalada,Avenida La Encalada,-76.9727595,-12.1098824
54,Avenida La Encalada,Avenida Primavera,-76.9727595,-12.1098824
55,Avenida La Encalada,Chavin,-76.9733136,-12.1112574
56,Avenida Primavera,Calle El Recuerdo,-76.9646577,-12.1046121
57,Avenida Primavera,Avenida NicolÃ s Rodrigo,-76.9626337,-12.102967
58,Avenida Primavera,Ovalo Los Delfines,-76.9652528,-12.1050242
59,Avenida Primavera,Santa Elena Norte,-76.9692416,-12.1078046
60,Avenida Primavera,Calle La Arboleda,-76.9667929,-12.1060974
61,Avenida Primavera,Santa Elena Sur,-76.9680573,-12.1070008
62,Los Alamos,JirÃ³n AldebarÃ¡n,-76.9657442,-12.1048176
63,Los Alamos,Ovalo Los Delfines,-76.9655459,-12.1050388
64,JirÃ³n AldebarÃ¡n,Los Alamos,-76.9657442,-12.1048176
65,JirÃ³n AldebarÃ¡n,Ovalo Los Delfines,-76.9654639,-12.1048695
66,JirÃ³n AldebarÃ¡n,JirÃ³n AldebarÃ¡n,-76.9657442,-12.1048176
67,Los Alamos,Avenida La Encalada,-76.9703846,-12.1038469
68,Avenida Manuel Olguin,Avenida Manuel Olguin,-76.9729869,-12.1004901
69,Avenida Manuel Olguin,JirÃ³n La Conquista,-76.9731448,-12.0994811
70,Avenida Manuel Olguin,Avenida El Derby,-76.9733757,-12.0980613
71,Conde de La Vega,Pasaje Monte Hermoso,-76.9814507,-12.1131562
72,Conde de La Vega,JirÃ³n Monte Flor,-76.9821983,-12.1144616
73,Conde de La Vega,Monte Umbroso,-76.9833021,-12.1169214
74,Conde de La Vega,Calle Monte Real,-76.9808011,-12.1120135
75,Conde de La Vega,JirÃ³n Monte Real,-76.9808011,-12.1120135
76,Calle Monte Mayor,Avenida De la Floresta,-76.9873039,-12.1144134
77,Calle Monte Mayor,JirÃ³n Monte Carmelo,-76.9853228,-12.1142827
78,Monte Umbroso,Monte Umbroso,-76.9799968,-12.1126526
79,Monte Umbroso,Avenida Monte Umbroso,-76.9799968,-12.1126526
80,Monte Flor,Monte Flor,-76.9832828,-12.1128155
81,Monte Flor,JirÃ³n Monte Real,-76.9833822,-12.1117077
82,JirÃ³n Monte Blanco,Avenida Velasco Astete,-76.9844128,-12.1133775
83,JirÃ³n Monte Blanco,JirÃ³n Monte Carmelo,-76.9853766,-12.113429
84,Calle Montelimar,Calle Monte Cruz,-76.989005,-12.1164852
85,Calle Montelimar,Montelimar,-76.9879498,-12.1164241
86,Calle Monte Sierpe,JirÃ³n Monterrey,-76.9865767,-12.1126705
87,JirÃ³n Los Aviadores,Calle Monte Lunar,-76.9894291,-12.1167835
88,JirÃ³n Los Aviadores,Avenida Caminos del Inca,-76.9893807,-12.1179036
89,Calle Monte Carlo,Avenida De la Floresta,-76.9872513,-12.115265
90,Calle Monte Carlo,Calle Monte Carlo,-76.9872513,-12.115265
91,JirÃ³n Breton,JirÃ³n Durero,-76.9897252,-12.095016
92,JirÃ³n Durero,JirÃ³n Breton,-76.9897252,-12.095016
93,JirÃ³n Durero,Avenida San Borja Norte,-76.9899724,-12.0957515
94,Avenida Velasco Astete Oeste,Calle 26,-76.9855248,-12.0954731
95,Avenida Velasco Astete Oeste,JirÃ³n 27,-76.9854814,-12.096088
96,Avenida Velasco Astete Oeste,Avenida San Borja Norte,-76.985465,-12.0963225
97,Calle 26,Avenida Velasco Astete Oeste,-76.9855248,-12.0954731
98,Calle 26,Calle 29,-76.9848258,-12.0954238
99,Calle 26,Calle 25,-76.9829262,-12.0952199
100,Calle 26,Calle 22,-76.9835718,-12.0953118
101,Calle 26,JirÃ³n 24,-76.9823872,-12.0951575
102,JirÃ³n 27,Avenida Velasco Astete Oeste,-76.9854814,-12.096088
103,JirÃ³n 27,Calle 22,-76.9834789,-12.0959905
104,JirÃ³n 27,JirÃ³n 24,-76.9823101,-12.0958338
105,JirÃ³n 27,Calle 10,-76.9810882,-12.0956682
106,JirÃ³n 27,Pasaje 21,-76.9825178,-12.0958631
107,Calle 29,Calle 26,-76.9848258,-12.0954238
108,Calle 25,Calle 26,-76.9829262,-12.0952199
109,Mac Mahon,Avenida San Borja Norte,-76.9863165,-12.096368
110,Eduardo Ford,Talavera,-76.9873477,-12.0948725
111,Eduardo Ford,Calle Leonard Bernstein,-76.9875201,-12.0953586
112,Eduardo Ford,Avenida San Borja Norte,-76.9878668,-12.0963304
113,Calle 22,Calle 26,-76.9835718,-12.0953118
114,Calle 22,JirÃ³n 27,-76.9834789,-12.0959905
115,Calle 22,Avenida San Borja Norte,-76.9833722,-12.0968007
116,JirÃ³n El Greco,JirÃ³n Maurice Utrillo,-76.9916403,-12.0966998
117,JirÃ³n El Greco,Avenida Boulevard de Surco,-76.9892353,-12.0973383
118,JirÃ³n El Greco,JirÃ³n Franz Liszt,-76.9902294,-12.0970302
119,JirÃ³n El Greco,Botiger,-76.9898325,-12.0971561
120,JirÃ³n Maurice Utrillo,JirÃ³n El Greco,-76.9916403,-12.0966998
121,JirÃ³n Maurice Utrillo,JirÃ³n Rosetti,-76.9918924,-12.0971981
122,JirÃ³n Maurice Utrillo,JirÃ³n Fray AngÃ©lico,-76.9924266,-12.0973702
123,JirÃ³n Maurice Utrillo,JirÃ³n LÃ³pez de Ayala,-76.9913721,-12.0961805
124,JirÃ³n Maurice Utrillo,Avenida San Borja Norte,-76.9910822,-12.0956707
125,Botiger,Preising,-76.9898325,-12.0977541
126,Botiger,Calle Juan Gris,-76.9897803,-12.0995369
127,Botiger,Calle Mayer,-76.9897975,-12.0988528
128,Botiger,Botiger,-76.9898325,-12.0977541
129,JirÃ³n Rosetti,JirÃ³n Maurice Utrillo,-76.9918924,-12.0971981
130,JirÃ³n Rosetti,Calle Juan Gris,-76.9920482,-12.0981752
131,Preising,Botiger,-76.9898325,-12.0977541
132,Preising,Calle Juan Gris,-76.9909684,-12.0986317
133,Calle Juan Gris,Botiger,-76.9897803,-12.0995369
134,Calle Juan Gris,Preising,-76.9909684,-12.0986317
135,Calle Juan Gris,JirÃ³n Franz Schubert,-76.9902306,-12.099162
136,Calle Juan Gris,Calle Juan Gris,-76.9909684,-12.0986317
137,Calle Amadeo Mozart,JirÃ³n Franz Schubert,-76.9905835,-12.0996056
138,Calle Amadeo Mozart,Calle Amadeo Mozart,-76.9905835,-12.0996056
139,Calle Amadeo Mozart,Avenida Boulevard de Surco,-76.9893039,-12.1005358
140,JirÃ³n Franz Schubert,JirÃ³n Leon Baumann,-76.9926005,-12.1018507
141,JirÃ³n Franz Schubert,Avenida San Borja Sur,-76.9921697,-12.1014432
142,JirÃ³n Franz Schubert,JirÃ³n Franz Schubert,-76.9921697,-12.1014432
143,JirÃ³n Bethoven,Calle Schipper,-76.9900699,-12.1008091
144,JirÃ³n Bethoven,JirÃ³n Franz Schubert,-76.9909899,-12.10007
145,JirÃ³n Bethoven,JirÃ³n Franz Liszt,-76.992343,-12.0992424
146,JirÃ³n Bethoven,Avenida Boulevard de Surco,-76.9895631,-12.101179
147,JirÃ³n Franz Liszt,Avenida San Borja Sur,-76.9930599,-12.1007318
148,JirÃ³n Franz Liszt,JirÃ³n Johanes Brahams,-76.992684,-12.0996726
149,JirÃ³n Franz Liszt,Calle Federico Chopin,-76.9929319,-12.1002488
150,JirÃ³n Franz Liszt,CiclovÃ­a San Borja Sur,-76.9929476,-12.1003106
151,JirÃ³n Franz Liszt,JirÃ³n Franz Liszt,-76.992684,-12.0996726
152,Calle Schipper,JirÃ³n Bethoven,-76.9900699,-12.1008091
153,Calle Schipper,JirÃ³n Johanes Brahams,-76.9902959,-12.1013658
154,Calle Schipper,Calle Federico Chopin,-76.9905728,-12.1019398
155,JirÃ³n Johanes Brahams,JirÃ³n Franz Liszt,-76.992684,-12.0996726
156,JirÃ³n Johanes Brahams,Calle Schipper,-76.9902959,-12.1013658
157,JirÃ³n Johanes Brahams,JirÃ³n Franz Schubert,-76.9913476,-12.1004767
158,JirÃ³n Johanes Brahams,JirÃ³n Johanes Brahams,-76.992684,-12.0996726
159,Calle Federico Chopin,JirÃ³n Franz Liszt,-76.9929319,-12.1002488
160,Calle Federico Chopin,Calle Schipper,-76.9905728,-12.1019398
161,Calle Federico Chopin,JirÃ³n Franz Schubert,-76.9917709,-12.1009364
162,JirÃ³n Leon Baumann,JirÃ³n Franz Schubert,-76.9926005,-12.1018507
163,JirÃ³n Leon Baumann,Calle Hassinger,-76.9915601,-12.1027528
164,JirÃ³n Leon Baumann,Schrader,-76.991087,-12.1030961
165,JirÃ³n Leon Baumann,Avenida Boulevard de Surco,-76.9905996,-12.1034242
166,JirÃ³n Leon Baumann,JirÃ³n Romero Hidalgo,-76.9920158,-12.1023699
167,Calle Hassinger,JirÃ³n Leon Baumann,-76.9915601,-12.1027528
168,Calle Hassinger,JirÃ³n Bosovich,-76.9925952,-12.1045572
169,Calle Hassinger,Arregi,-76.9920533,-12.1038185
170,Schrader,JirÃ³n Leon Baumann,-76.991087,-12.1030961
171,Schrader,JirÃ³n Bosovich,-76.9922357,-12.1051131
172,Schrader,Arregi,-76.9915182,-12.1040442
173,JirÃ³n Bosovich,Calle Hassinger,-76.9925952,-12.1045572
174,JirÃ³n Bosovich,Schrader,-76.9922357,-12.1051131
175,JirÃ³n Bosovich,Avenida Boulevard de Surco,-76.991676,-12.1057317
176,JirÃ³n Bosovich,JirÃ³n Romero Hidalgo,-76.9929546,-12.1040379
177,Calle Melissa,JirÃ³n Paseo del Bosque,-76.9919004,-12.108183
178,Calle Melissa,Avenida San Luis,-76.9923729,-12.1079345
179,Calle Melissa,Avenida JoaquÃ­n de la Madrid,-76.9923729,-12.1079345
180,JirÃ³n Fray AngÃ©lico,JirÃ³n Maurice Utrillo,-76.9924266,-12.0973702
181,JirÃ³n Fray AngÃ©lico,JirÃ³n Fray AngÃ©lico,-76.9924266,-12.0973702
182,PÃ­o XII,JirÃ³n Buen Retiro,-76.9653517,-12.0967525
183,PÃ­o XII,Benjamin Doig Lossio,-76.9651822,-12.0973522
184,PÃ­o XII,Calle Juan Pablo II,-76.9652558,-12.0969787
185,PÃ­o XII,Juan XXIII,-76.9654794,-12.0963486
186,PÃ­o XII,JirÃ³n El Cortijo,-76.9656119,-12.0988156
187,PÃ­o XII,PÃ­o XII,-76.9656119,-12.0988156
188,Calle Pinerolo,PÃ­o XII,-76.9667057,-12.095632
189,JirÃ³n Buen Retiro,Avenida El Polo,-76.9689547,-12.0959419
190,JirÃ³n Buen Retiro,PÃ­o XII,-76.9653517,-12.0967525
191,JirÃ³n El Cortijo,Avenida El Polo,-76.9697788,-12.0971015
192,JirÃ³n El Cortijo,JirÃ³n El Cortijo,-76.9690374,-12.0975011
193,JirÃ³n El Cortijo,Avenida La Encalada,-76.9697788,-12.0971015
194,Calle La Girlada,Avenida Lima Polo,-76.9682246,-12.0990917
195,Calle La Girlada,JirÃ³n El Cortijo,-76.9677709,-12.0979877
196,Calle Union,JirÃ³n El Cortijo,-76.9663466,-12.0985394
197,Calle Union,Avenida Lima Polo,-76.9667801,-12.0996581
198,Avenida Los Algarrobos,JirÃ³n El Cortijo,-76.965064,-12.0990339
199,Avenida Los Algarrobos,Avenida Lima Polo,-76.9654919,-12.1001387
200,Jose Nicolas Rodrigo,Avenida Lima Polo,-76.9649355,-12.1003497
201,Jose Nicolas Rodrigo,JirÃ³n El Cortijo,-76.9644534,-12.0992699
202,Jose Nicolas Rodrigo,Avenida NicolÃ s Rodrigo,-76.9649355,-12.1003497
203,Jose Nicolas Rodrigo,Cineraria,-76.9644534,-12.0992699
204,Avenida Lima Polo,Jose Nicolas Rodrigo,-76.9649355,-12.1003497
205,Avenida Lima Polo,Avenida NicolÃ s Rodrigo,-76.9649355,-12.1003497
206,Benjamin Doig Lossio,PÃ­o XII,-76.9651822,-12.0973522
207,Calle Juan Pablo II,PÃ­o XII,-76.9652558,-12.0969787
208,Cineraria,Calle Ponciana Regia,-76.9638666,-12.0952811
209,Cineraria,Pasaje El Mangle,-76.9634918,-12.0966131
210,Cineraria,Las Caliandras,-76.9634556,-12.0974918
211,Cineraria,Cineraria,-76.9634556,-12.0974918
212,Calle Ponciana Regia,Cineraria,-76.9638666,-12.0952811
213,Calle Ponciana Regia,Los Cafetos,-76.9633915,-12.0952733
214,Los Cafetos,Calle Ponciana Regia,-76.9633915,-12.0952733
215,Los Cafetos,Pasaje El Mangle,-76.9630039,-12.0964588
216,Los Cafetos,Las Caliandras,-76.9630701,-12.0979653
217,Pasaje El Mangle,Cineraria,-76.9634918,-12.0966131
218,Pasaje El Mangle,Los Cafetos,-76.9630039,-12.0964588
219,Calle Flor de Liz,Cineraria,-76.9638631,-12.0978184
220,Las Caliandras,Cineraria,-76.9634556,-12.0974918
221,Las Caliandras,Los Cafetos,-76.9630701,-12.0979653
222,Calle 2,Calle 5,-76.9616719,-12.0982996
223,JirÃ³n El Cortijo,Aymaras,-76.9715781,-12.0965261
224,JirÃ³n El Cortijo,Avenida Manuel Olguin,-76.9735865,-12.0957743
225,JirÃ³n El Cortijo,Los Eucaliptos,-76.9718569,-12.0964232
226,JirÃ³n El Cortijo,Los Alamos,-76.9730237,-12.0959844
227,Calle El Parral,Los Eucaliptos,-76.9713735,-12.0952101
228,Calle El Parral,Los Alamos,-76.9726181,-12.0949741
229,Aymaras,JirÃ³n El Cortijo,-76.9715781,-12.0965261
230,Aymaras,Avenida El Derby,-76.9722659,-12.0982449
231,JirÃ³n La Conquista,Avenida Manuel Olguin,-76.9726295,-12.0995306
232,JirÃ³n La Conquista,Avenida El Polo,-76.9711913,-12.100071
233,Calle Los Tulipanes,Avenida La Encalada,-76.9699354,-12.1008981
234,Calle Los Tulipanes,Avenida El Polo,-76.9712979,-12.1003681
235,JirÃ³n El Incario,Avenida Manuel Olguin,-76.9735534,-12.1018737
236,JirÃ³n El Incario,JirÃ³n La Conquista,-76.97517,-12.1017666
237,JirÃ³n El Incario,Avenida La RepÃºblica,-76.9767379,-12.101153
238,JirÃ³n El Incario,Avenida El Polo,-76.9721283,-12.1024239
239,JirÃ³n El Incario,Calle Padre Luis Tezza,-76.9721283,-12.1024239
240,JirÃ³n EmancipaciÃ³n,Avenida Manuel Olguin,-76.9744437,-12.1042004
241,JirÃ³n EmancipaciÃ³n,JirÃ³n La Conquista,-76.975889,-12.1036355
242,JirÃ³n EmancipaciÃ³n,GonzÃ¡lo MartÃ­n de Trujillo,-76.9750106,-12.1039854
243,JirÃ³n EmancipaciÃ³n,Avenida El Polo,-76.9730409,-12.1047357
244,Avenida Manuel Olguin,JirÃ³n El Incario,-76.9735534,-12.1018737
245,Avenida Manuel Olguin,JirÃ³n EmancipaciÃ³n,-76.9744437,-12.1042004
246,JirÃ³n La Conquista,JirÃ³n El Incario,-76.97517,-12.1017666
247,JirÃ³n La Conquista,JirÃ³n EmancipaciÃ³n,-76.975889,-12.1036355
248,Avenida La RepÃºblica,La Colonia,-76.9777094,-12.1031795
249,Avenida La RepÃºblica,Francisco de Cuellar,-76.9784631,-12.103322
250,Avenida La RepÃºblica,CristÃ³bal de la Peralta Norte,-76.9789109,-12.103405
251,Avenida La RepÃºblica,Avenida La RepÃºblica,-76.9772274,-12.1023421
252,JirÃ³n SantorÃ­n,La Colonia,-76.9780737,-12.100361
253,JirÃ³n SantorÃ­n,CristÃ³bal de la Peralta Norte,-76.9793,-12.1005099
254,JirÃ³n SantorÃ­n,Avenida La RepÃºblica,-76.9764198,-12.1001385
255,La Colonia,Avenida La RepÃºblica,-76.9777094,-12.1031795
256,La Colonia,JirÃ³n SantorÃ­n,-76.9780737,-12.100361
257,Francisco de Cuellar,Avenida La RepÃºblica,-76.9784631,-12.103322
258,Francisco de Cuellar,GonzÃ¡lo MartÃ­n de Trujillo,-76.9761049,-12.1057373
259,Francisco de Cuellar,Calle 4,-76.9745493,-12.1073475
260,Francisco de Cuellar,JirÃ³n Cartavio,-76.9751447,-12.1067391
261,Francisco de Cuellar,Los Apaches,-76.9752944,-12.1065729
262,Francisco de Cuellar,Avenida El Polo,-76.9742161,-12.1076964
263,GonzÃ¡lo MartÃ­n de Trujillo,JirÃ³n EmancipaciÃ³n,-76.9750106,-12.1039854
264,GonzÃ¡lo MartÃ­n de Trujillo,Francisco de Cuellar,-76.9761049,-12.1057373
265,GonzÃ¡lo MartÃ­n de Trujillo,Los Araucanos,-76.9757187,-12.1054016
266,Los Araucanos,GonzÃ¡lo MartÃ­n de Trujillo,-76.9757187,-12.1054016
267,Los Araucanos,Los Apaches,-76.9749092,-12.1062186
268,Calle Los Apaches,Avenida El Polo,-76.9737741,-12.1065827
269,JerÃ³nimo de Aliaga Norte,Pedro de Candia,-76.9767594,-12.109325
270,JerÃ³nimo de Aliaga Norte,Garcia de Salcedo,-76.9770118,-12.1075357
271,JerÃ³nimo de Aliaga Norte,Torre,-76.9770877,-12.1070179
272,JerÃ³nimo de Aliaga Norte,CristÃ³bal de la Peralta Norte,-76.9785813,-12.1058317
273,JerÃ³nimo de Aliaga Norte,Avenida Primavera,-76.9766621,-12.1100269
274,Pedro de Candia,JerÃ³nimo de Aliaga Norte,-76.9767594,-12.109325
275,Pedro de Candia,Pedro de Candia,-76.9767594,-12.109325
276,Pedro de Candia,Pasaje NicolÃ¡s de Rivera,-76.9777053,-12.1073355
277,Garcia de Salcedo,JerÃ³nimo de Aliaga Norte,-76.9770118,-12.1075357
278,Garcia de Salcedo,Pedro de Candia,-76.9757401,-12.1092484
279,Torre,JerÃ³nimo de Aliaga Norte,-76.9770877,-12.1070179
280,Torre,Calle 4,-76.9754988,-12.1082602
281,Torre,Torre,-76.9754988,-12.1082602
282,Calle 4,Francisco de Cuellar,-76.9745493,-12.1073475
283,Calle 4,Torre,-76.9754988,-12.1082602
284,Calle 4,JirÃ³n Cartavio,-76.9751179,-12.1078825
285,JirÃ³n Cartavio,Francisco de Cuellar,-76.9751447,-12.1067391
286,JirÃ³n Cartavio,Calle 4,-76.9751179,-12.1078825
287,JirÃ³n Cartavio,Avenida El Polo,-76.974513,-12.1084442
288,JirÃ³n Cartavio,JirÃ³n Cartavio,-76.974513,-12.1084442
289,Don Diego de DÃ­a,Alfredo Rosenblat,-76.9727152,-12.1131652
290,Don Diego de DÃ­a,Mariano Rivero y Ustariz,-76.9722607,-12.113759
291,Don Diego de DÃ­a,SeÃ±or de Sipan,-76.9717756,-12.1144082
292,Don Diego de DÃ­a,SebastiÃ¡n Barranca,-76.9713275,-12.1150078
293,Don Diego de DÃ­a,JirÃ³n Alonso de Molina,-76.9732598,-12.1123924
294,Alfredo Rosenblat,Don Diego de DÃ­a,-76.9727152,-12.1131652
295,Alfredo Rosenblat,Paramonga,-76.971596,-12.1123558
296,Alfredo Rosenblat,Las Casuarinas,-76.9738555,-12.1139501
297,Alfredo Rosenblat,Avenida Tambo Real,-76.9704875,-12.1115639
298,Mariano Rivero y Ustariz,Don Diego de DÃ­a,-76.9722607,-12.113759
299,Mariano Rivero y Ustariz,Carlos Monge Medrano,-76.9729721,-12.1142797
300,Mariano Rivero y Ustariz,Las Casuarinas,-76.9734964,-12.1146361
301,Mariano Rivero y Ustariz,Calle Arturo Alcade Mongrut,-76.9727489,-12.1141221
302,Mariano Rivero y Ustariz,Paramonga,-76.9710999,-12.112986
303,SeÃ±or de Sipan,Don Diego de DÃ­a,-76.9717756,-12.1144082
304,SeÃ±or de Sipan,Paramonga,-76.9706627,-12.1135734
305,SeÃ±or de Sipan,Las Laderas de las Casuarinas,-76.9710593,-12.1138817
306,SeÃ±or de Sipan,Avenida Tambo Real,-76.9696188,-12.1127138
307,Paramonga,Avenida La Encalada,-76.9730998,-12.110729
308,Paramonga,Alfredo Rosenblat,-76.971596,-12.1123558
309,Paramonga,Mariano Rivero y Ustariz,-76.9710999,-12.112986
310,Paramonga,SeÃ±or de Sipan,-76.9706627,-12.1135734
311,Paramonga,San Martin,-76.9724645,-12.1112047
312,Paramonga,Paramonga,-76.9730998,-12.110729
313,Paramonga,JirÃ³n Alonso de Molina,-76.9721675,-12.1115856
314,Avenida Tomasal,Avenida Tambo Real,-76.9689683,-12.1137884
315,Avenida Tomasal,Carlos Monge Medrano,-76.9715288,-12.1169326
316,Avenida Tomasal,Las Casuarinas,-76.9720375,-12.1172812
317,Avenida Tomasal,Las Laderas de las Casuarinas,-76.9700721,-12.1152078
318,Avenida Tomasal,Don Diego de Noche,-76.9694534,-12.1144125
319,Avenida Tomasal,Avenida Tomasal,-76.9680914,-12.1126966
320,Avenida Tomasal,Las Colinas,-76.968888,-12.1136855
321,Tambo Real,Santo Domingo,-76.9713501,-12.1102035
322,Tambo Real,Avenida Primavera,-76.9714744,-12.1095056
323,Tambo Real,Avenida Tambo Real,-76.9710597,-12.1107883
324,Tambo Real,JirÃ³n Alonso de Molina,-76.9710597,-12.1107883
325,Avenida Tambo Real,Avenida Tomasal,-76.9689683,-12.1137884
326,Avenida Tambo Real,Avenida Tambo Real,-76.9690744,-12.1134397
327,Tomasal,Avenida Tomasal,-76.9675233,-12.1119726
328,Tomasal,Pasaje Las Veronicas,-76.9675233,-12.1119726
329,Calle Montebrecia,El Cascajal,-76.9685088,-12.1164827
330,Calle Las Laderas,Calle San Jorge,-76.9656702,-12.1131317
331,Carlos Monge Medrano,Mariano Rivero y Ustariz,-76.9729721,-12.1142797
332,Carlos Monge Medrano,Avenida Tomasal,-76.9715288,-12.1169326
333,Carlos Monge Medrano,Godofredo Garcia Diaz,-76.9721634,-12.115743
334,Carlos Monge Medrano,Calle Arturo Alcade Mongrut,-76.9718987,-12.1162557
335,SebastiÃ¡n Barranca,Don Diego de DÃ­a,-76.9713275,-12.1150078
336,SebastiÃ¡n Barranca,Calle Arturo Alcade Mongrut,-76.9718186,-12.1153943
337,Godofredo Garcia Diaz,Carlos Monge Medrano,-76.9721634,-12.115743
338,Godofredo Garcia Diaz,Las Casuarinas,-76.9727601,-12.1160389
339,Alamo,JirÃ³n Tuman,-76.9702265,-12.1094776
340,Alamo,Avenida Primavera,-76.9706248,-12.1089525
341,Alamo,JirÃ³n Alonso de Molina,-76.9698804,-12.1099348
342,San Martin,Paramonga,-76.9724645,-12.1112047
343,San Martin,Santo Domingo,-76.9720655,-12.110909
344,Santo Domingo,Tambo Real,-76.9713501,-12.1102035
345,Santo Domingo,San Martin,-76.9720655,-12.110909
346,JirÃ³n Cayalti,San Ignacio,-76.9689624,-12.1065169
347,JirÃ³n Cayalti,Aracari,-76.9698777,-12.1056585
348,JirÃ³n Cayalti,Santa Elena Norte,-76.9686016,-12.1068911
349,JirÃ³n Cayalti,Avenida La Encalada,-76.970731,-12.1049785
350,JirÃ³n Cayalti,Calle Zinnia,-76.9693196,-12.1061693
351,JirÃ³n Cayalti,JirÃ³n Cayalti,-76.970731,-12.1049785
352,San Ignacio,JirÃ³n Cayalti,-76.9689624,-12.1065169
353,San Ignacio,San Jacinto,-76.9693091,-12.1069516
354,San Ignacio,El Carmelo,-76.9697154,-12.1074055
355,San Ignacio,Calle MarÃ­a Luisa,-76.9706741,-12.1080991
356,San Ignacio,Alamo,-76.9710641,-12.108399
357,San Jacinto,San Ignacio,-76.9693091,-12.1069516
358,San Jacinto,Aracari,-76.9702524,-12.1060209
359,San Jacinto,Avenida La Encalada,-76.9709815,-12.1055686
360,Aracari,JirÃ³n Cayalti,-76.9698777,-12.1056585
361,Aracari,San Jacinto,-76.9702524,-12.1060209
362,El Carmelo,San Ignacio,-76.9697154,-12.1074055
363,El Carmelo,Los Vinzos,-76.9706965,-12.106432
364,El Carmelo,Avenida La Encalada,-76.9712206,-12.1061649
365,Calle MarÃ­a Luisa,San Ignacio,-76.9706741,-12.1080991
366,Calle MarÃ­a Luisa,Los Vinzos,-76.9712191,-12.1076906
367,Calle MarÃ­a Luisa,Avenida La Encalada,-76.9717655,-12.1074725
368,Los Vinzos,El Carmelo,-76.9706965,-12.106432
369,Los Vinzos,Calle MarÃ­a Luisa,-76.9712191,-12.1076906
370,Santa Elena Norte,Avenida Primavera,-76.9692416,-12.1078046
371,Santa Elena Norte,JirÃ³n Cayalti,-76.9686016,-12.1068911
372,Santa Elena Norte,Santa Elena Norte,-76.9686016,-12.1068911
373,Santa Elena Sur,Calle El Eucalipto,-76.9661027,-12.110783
374,Santa Elena Sur,Las Catileyas,-76.9664675,-12.1099637
375,Santa Elena Sur,JirÃ³n Alonso de Molina,-76.967318,-12.1080531
376,Santa Elena Sur,Santa Elena Sur,-76.967318,-12.1080531
377,Santa Elena Norte,Tamarix,-76.9678824,-12.1050251
378,Santa Elena Norte,Mazus,-76.9677148,-12.1046036
379,Santa Elena Norte,Calle Los Duraznos,-76.9677712,-12.1047476
380,Santa Elena Norte,Calle La Arboleda,-76.9680075,-12.1053414
381,Santa Elena Norte,Calle Zinnia,-76.9682568,-12.1060058
382,Santa Elena Norte,JirÃ³n AldebarÃ¡n,-76.967532,-12.1041503
383,Tamarix,Santa Elena Norte,-76.9678824,-12.1050251
384,Mazus,Santa Elena Norte,-76.9677148,-12.1046036
385,Calle Los Duraznos,Santa Elena Norte,-76.9677712,-12.1047476
386,Calle La Arboleda,Avenida Primavera,-76.9667929,-12.1060974
387,Calle La Arboleda,Santa Elena Norte,-76.9680075,-12.1053414
388,Helechos,El Maizal,-76.9689528,-12.1041356
389,Helechos,JirÃ³n AldebarÃ¡n,-76.9688692,-12.1037077
390,El Maizal,Helechos,-76.9689528,-12.1041356
391,La Malva,JirÃ³n AldebarÃ¡n,-76.9665778,-12.1045163
392,El Aliso,Calle Baobad,-76.9669586,-12.1033693
393,El Aliso,JirÃ³n AldebarÃ¡n,-76.9673036,-12.1042379
394,Calle Baobad,El Aliso,-76.9669586,-12.1033693
395,Calle Baobad,Calle Baobad,-76.9669586,-12.1033693
396,Los Narcisos,Ovalo Los Delfines,-76.9653902,-12.1048563
397,Los Robles,Avenida Primavera,-76.9647204,-12.1045784
398,Calle El Recuerdo,Avenida Primavera,-76.9646577,-12.1046121
399,Calle El Recuerdo,JirÃ³n Alonso de Molina,-76.9639431,-12.1055669
400,Amarilis,Aster,-76.9657507,-12.1061749
401,Amarilis,Avenida Primavera,-76.9661071,-12.1056839
402,Amarilis,JirÃ³n Alonso de Molina,-76.9654089,-12.1066458
403,Aster,Amarilis,-76.9657507,-12.1061749
404,Aster,Avenida Central,-76.9650598,-12.1056751
405,Tambo de Oro,Avenida Primavera,-76.9668369,-12.106224
406,Tambo de Oro,JirÃ³n Alonso de Molina,-76.9661357,-12.1071804
407,Armardo Alvardo,Calle Las Cantuas,-76.9651761,-12.1079595
408,Armardo Alvardo,25 de Setiembre,-76.9649058,-12.1085449
409,Armardo Alvardo,JirÃ³n Johan Sebastian Bach,-76.9646645,-12.1091119
410,Armardo Alvardo,JirÃ³n Alonso de Molina,-76.9656876,-12.1068514
411,Calle Las Cantuas,Armardo Alvardo,-76.9651761,-12.1079595
412,Calle Las Cantuas,Avenida Central,-76.9642533,-12.1072884
413,25 de Setiembre,Armardo Alvardo,-76.9649058,-12.1085449
414,25 de Setiembre,Avenida Central,-76.9639677,-12.1078675
415,JirÃ³n Johan Sebastian Bach,Armardo Alvardo,-76.9646645,-12.1091119
416,JirÃ³n Johan Sebastian Bach,Calle Las Clivias,-76.9626005,-12.1076182
417,JirÃ³n Johan Sebastian Bach,Avenida Central,-76.9637169,-12.1083422
418,JirÃ³n Johan Sebastian Bach,JirÃ³n Johan Sebastian Bach,-76.9651116,-12.109515
419,Calle Las Clivias,JirÃ³n Johan Sebastian Bach,-76.9626005,-12.1076182
420,Calle Las Clivias,JirÃ³n Alonso de Molina,-76.9636177,-12.1053384
421,JirÃ³n Las Fresias,Avenida Central,-76.9615679,-12.1085573
422,Calle El Eucalipto,Santa Elena Sur,-76.9666458,-12.109563
423,Calle El Eucalipto,Avenida Tomasal,-76.9671639,-12.111151
424,Laguna Chica,Avenida Tomasal,-76.9671371,-12.1113093
425,Las Catileyas,Santa Elena Sur,-76.9664675,-12.1099637
426,Las Catileyas,Avenida Tomasal,-76.9674656,-12.1107161
427,Wolfgang Amadeus Mozart,Calle 4,-76.9635881,-12.110159
428,Wolfgang Amadeus Mozart,Avenida Central,-76.9632173,-12.1087336
429,Wolfgang Amadeus Mozart,Wolfgang Amadeus Mozart,-76.9644826,-12.1109426
430,Calle 4,Wolfgang Amadeus Mozart,-76.9635881,-12.110159
431,Calle 4,Federico Chopin,-76.9625852,-12.1106454
432,Federico Chopin,Federico Chopin,-76.9611717,-12.1115182
433,JirÃ³n Nicola Paganini,JirÃ³n Nicola Paganini,-76.9612334,-12.1099347
434,JirÃ³n Nicola Paganini,Avenida Central,-76.9611415,-12.1085697
435,Ludwig Van Beethoven,Avenida Jose Nicolas Rodrigo,-76.9604094,-12.1072921
436,Ludwig Van Beethoven,Avenida Central,-76.9604371,-12.1082421
437,Avenida Jose Nicolas Rodrigo,Ludwig Van Beethoven,-76.9604094,-12.1072921
438,Avenida Jose Nicolas Rodrigo,Estepa Rusa,-76.9617514,-12.1055041
439,Avenida Jose Nicolas Rodrigo,JirÃ³n Alonso de Molina,-76.9624729,-12.1045294
440,Avenida Jose Nicolas Rodrigo,Pasaje Tundras,-76.96225,-12.1048305
441,Avenida Jose Nicolas Rodrigo,Pasaje Selva Virgen,-76.961534,-12.1057937
442,Estepa Rusa,Avenida Jose Nicolas Rodrigo,-76.9617514,-12.1055041
443,Estepa Rusa,JirÃ³n Las Fresias,-76.9624809,-12.1060077
444,Avenida NicolÃ s Rodrigo,Avenida Primavera,-76.9626337,-12.102967
445,Avenida NicolÃ s Rodrigo,Avenida NicolÃ s Rodrigo,-76.9626337,-12.102967
446,Calle La Pergola,Avenida Primavera,-76.9642351,-12.1042264
447,Pomalca,Calle Quilla,-76.9733769,-12.1071314
448,Pomalca,San Luis,-76.9730257,-12.1062639
449,Pomalca,El Milagro,-76.972831,-12.1057831
450,Pomalca,Barraza,-76.9724144,-12.1047543
451,Pomalca,Sintuco,-76.9726747,-12.1053973
452,Pomalca,Casa Grande,-76.9742162,-12.1092309
453,Pomalca,Avenida Primavera,-76.9743255,-12.1098689
454,Pomalca,Pomalca,-76.9723069,-12.1044889
455,Pomalca,JirÃ³n Cartavio,-76.9739813,-12.1086238
456,Laredo,San Luis,-76.972158,-12.1066042
457,Laredo,El Milagro,-76.9719689,-12.1061378
458,Laredo,Barraza,-76.9715463,-12.1050963
459,Laredo,Canelo,-76.9717859,-12.1056867
460,Laredo,JirÃ³n Cartavio,-76.9729741,-12.1086155
461,Laredo,JirÃ³n Cayalti,-76.9713375,-12.1045815
462,Calle Quilla,Pomalca,-76.9733769,-12.1071314
463,Calle Quilla,Avenida El Polo,-76.9739144,-12.1069363
464,San Luis,Pomalca,-76.9730257,-12.1062639
465,San Luis,Laredo,-76.972158,-12.1066042
466,San Luis,Avenida La Encalada,-76.9716076,-12.10682
467,El Milagro,Pomalca,-76.972831,-12.1057831
468,El Milagro,Laredo,-76.9719689,-12.1061378
469,El Milagro,Wari,-76.972426,-12.1059497
470,Barraza,Pomalca,-76.9724144,-12.1047543
471,Barraza,Laredo,-76.9715463,-12.1050963
472,Barraza,Wari,-76.9719851,-12.1049138
473,Wari,El Milagro,-76.972426,-12.1059497
474,Wari,Barraza,-76.9719851,-12.1049138
475,Canelo,Laredo,-76.9717859,-12.1056867
476,Canelo,Avenida La Encalada,-76.9712172,-12.1058961
477,Sintuco,Pomalca,-76.9726747,-12.1053973
478,Sintuco,Avenida El Polo,-76.9732242,-12.1051973
479,Casa Grande,Pomalca,-76.9742162,-12.1092309
480,Casa Grande,Avenida La Encalada,-76.9726259,-12.1093023
481,Calle Las Laderas,Las Colinas,-76.9659146,-12.1150549
482,Calle Las Laderas,La Cuesta,-76.9682613,-12.1177558
483,Calle Las Laderas,Calle Las Laderas,-76.9654951,-12.1137635
484,Alameda La Allamanda,Avenida Buganvilla,-76.9758421,-12.1168043
485,Avenida Buganvilla,Alameda La Allamanda,-76.9758421,-12.1168043
486,Avenida Buganvilla,Las Palmas,-76.9746222,-12.1159145
487,Avenida Buganvilla,Las Casuarinas,-76.9733228,-12.1149745
488,Avenida Buganvilla,Cristobal de Peralta Sur,-76.976999,-12.1173619
489,Avenida Buganvilla,Avenida JacarandÃ¡,-76.9764536,-12.1172134
490,Avenida Buganvilla,Madre Selva,-76.9751839,-12.1163269
491,Avenida Buganvilla,Los Olivos,-76.97372,-12.1151421
492,Avenida Buganvilla,JerÃ³nimo de Aliaga Sur,-76.9753271,-12.1163034
493,Esparceta,JerÃ³nimo de Aliaga Sur,-76.9757562,-12.1155717
494,Esparceta,Los Albaricoques,-76.9763866,-12.115986
495,Esparceta,Cristobal de Peralta Sur,-76.9771144,-12.1163918
496,Las Palmas,Avenida Buganvilla,-76.9746222,-12.1159145
497,Las Palmas,Los Cactus,-76.9751715,-12.1149686
498,Las Palmas,Calle Los Alerces,-76.9754076,-12.1145123
499,Las Palmas,JirÃ³n Alonso de Molina,-76.9756489,-12.1141241
500,Los Olivos,Avenida Buganvilla,-76.97372,-12.1151421
501,Los Olivos,Los Cactus,-76.9742168,-12.114348
502,Los Olivos,Calle Los Alerces,-76.974442,-12.1138881
503,Los Cactus,Las Palmas,-76.9751715,-12.1149686
504,Los Cactus,Los Olivos,-76.9742168,-12.114348
505,Calle Los Alerces,Las Palmas,-76.9754076,-12.1145123
506,Calle Los Alerces,Los Olivos,-76.974442,-12.1138881
507,Calle Los Alerces,Las Casuarinas,-76.9740073,-12.113661
508,JerÃ³nimo de Aliaga Sur,Avenida Buganvilla,-76.9753271,-12.1163034
509,JerÃ³nimo de Aliaga Sur,Esparceta,-76.9757562,-12.1155717
510,JerÃ³nimo de Aliaga Sur,Martin de Paz,-76.9762962,-12.1127858
511,JerÃ³nimo de Aliaga Sur,JirÃ³n Alonso de Molina,-76.9760567,-12.114292
512,JerÃ³nimo de Aliaga Sur,JerÃ³nimo de Aliaga Sur,-76.9762962,-12.1127858
513,JerÃ³nimo de Aliaga Sur,Calle MartÃ­n Pizarro,-76.9761553,-12.1136163
514,Martin de Paz,JerÃ³nimo de Aliaga Sur,-76.9762962,-12.1127858
515,Martin de Paz,Cristobal de Peralta Sur,-76.9775801,-12.112923
516,Martin de Paz,Diego de AgÃ¼ero,-76.9769284,-12.1128534
517,JirÃ³n Alonso de Molina,Avenida La Encalada,-76.9740217,-12.1129485
518,JirÃ³n Alonso de Molina,Las Palmas,-76.9756489,-12.1141241
519,JirÃ³n Alonso de Molina,JerÃ³nimo de Aliaga Sur,-76.9760567,-12.114292
520,JirÃ³n Alonso de Molina,Las Casuarinas,-76.9742808,-12.1131383
521,JirÃ³n Alonso de Molina,Cristobal de Peralta Sur,-76.977377,-12.1144749
522,JirÃ³n Alonso de Molina,Diego de AgÃ¼ero,-76.9767004,-12.1143706
523,JirÃ³n Alonso de Molina,JirÃ³n Domingo de la Presa,-76.9745962,-12.1133398
524,JirÃ³n Alonso de Molina,Pucala,-76.9736977,-12.112708
525,JirÃ³n Alonso de Molina,JirÃ³n Alonso de Molina,-76.9736977,-12.112708
526,Los Albaricoques,Esparceta,-76.9763866,-12.115986
527,Las Casuarinas,Alfredo Rosenblat,-76.9738555,-12.1139501
528,Las Casuarinas,Mariano Rivero y Ustariz,-76.9734964,-12.1146361
529,Las Casuarinas,Godofredo Garcia Diaz,-76.9727601,-12.1160389
530,Las Casuarinas,Avenida Buganvilla,-76.9733228,-12.1149745
531,Las Casuarinas,Calle Los Alerces,-76.9740073,-12.113661
532,Las Casuarinas,JirÃ³n Alonso de Molina,-76.9742808,-12.1131383
533,Las Casuarinas,Pulla Raymondi,-76.9724934,-12.1165563
534,Las Casuarinas,Balsamina,-76.9724934,-12.1165563
535,Las Casuarinas,Avenida Tomasal,-76.9720375,-12.1172812
536,Las Casuarinas,Avenida La Encalada,-76.974216,-12.1130835
537,Pulla Raymondi,Las Casuarinas,-76.9724934,-12.1165563
538,Pulla Raymondi,Balsamina,-76.9724934,-12.1165563
539,Cristobal de Peralta Sur,Avenida Buganvilla,-76.976999,-12.1173619
540,Cristobal de Peralta Sur,Esparceta,-76.9771144,-12.1163918
541,Cristobal de Peralta Sur,Martin de Paz,-76.9775801,-12.112923
542,Cristobal de Peralta Sur,JirÃ³n Alonso de Molina,-76.977377,-12.1144749
543,Cristobal de Peralta Sur,Cristobal de Peralta Sur,-76.9776337,-12.1125543
544,Boulevard,Avenida La Encalada,-76.9696322,-12.1001244
545,Boulevard,Avenida El Polo,-76.9709923,-12.0996026
546,Avenida Primavera,Avenida Buena Vista,-76.9799998,-12.1102542
547,Avenida Primavera,Avenida Panamericana Sur,-76.9781994007417,-12.1101346860687
548,Avenida Primavera,Cristobal de Peralta Sur,-76.9774159,-12.1102154
549,Cerro San Francisco,Cerro San Francisco,-76.9651712,-12.1158984
550,Cerro San Francisco,Las Colinas,-76.9651712,-12.1158984
551,Las Colinas,Calle Las Laderas,-76.9659146,-12.1150549
552,Las Colinas,Las Colinas,-76.9659146,-12.1150549
553,Las Colinas,El Cascajal,-76.9675111,-12.1147168
554,CristÃ³bal de la Peralta Norte,Avenida La RepÃºblica,-76.9789109,-12.103405
555,CristÃ³bal de la Peralta Norte,JirÃ³n SantorÃ­n,-76.9793,-12.1005099
556,CristÃ³bal de la Peralta Norte,CristÃ³bal de la Peralta Norte,-76.9789109,-12.103405
557,JirÃ³n Monte Rosa,Avenida Del Pinar,-76.9895674,-12.1120726
558,JirÃ³n Monte Rosa,Calle Monte Bello,-76.9918094,-12.1122154
559,JirÃ³n Monte Rosa,Calle Monte Grande,-76.9906882,-12.1121441
560,Calle Venecia,Bernstein,-76.9912764,-12.1079937
561,Calle Venecia,JirÃ³n Trinidad,-76.9923236,-12.1100836
562,Calle Venecia,Calle Melissa,-76.9915045,-12.1084143
563,Calle Venecia,Sicilia,-76.9906564,-12.1067951
564,Calle Matamoros,Avenida Esmeralda,-76.9857642,-12.1078366
565,Calle Matamoros,JirÃ³n Trinidad,-76.9856545,-12.109619
566,Calle Matamoros,Calle Matamoros,-76.9856545,-12.109619
567,Calle Matamoros,Palo Santo,-76.9856776,-12.1092957
568,Calle MontefrÃ­o,Avenida Los Precursores,-76.9802004,-12.1160198
569,Calle MontefrÃ­o,Monte Umbroso,-76.9814831,-12.1151643
570,Pasaje Lucas Cranach,JirÃ³n LÃ³pez de Ayala,-76.9922518,-12.0955458
571,Pasaje Lucas Cranach,Avenida San Borja Norte,-76.991844,-12.095142
572,Calle Mayer,Botiger,-76.9897975,-12.0988528
573,Calle Mayer,Avenida Boulevard de Surco,-76.9891924,-12.0988488
574,Avenida Los Precursores,Avenida Los Precursores,-76.979424,-12.1117851
575,Avenida Los Precursores,Calle Montes de Oro,-76.9792342,-12.1131468
576,Avenida Los Precursores,Pasaje Mercurio Peruano,-76.979424,-12.1117851
577,Avenida Los Precursores,Avenida Monte Umbroso,-76.9793136,-12.1125843
578,Avenida Los Precursores,Calle Monte Real,-76.9794077,-12.1119284
579,Avenida San Borja Norte,Calle 22,-76.9833722,-12.0968007
580,Avenida San Borja Norte,Avenida San Borja Norte,-76.983999,-12.0967628
581,Avenida San Borja Norte,Intercambio Vial El Derby,-76.983999,-12.0967628
582,JirÃ³n Tuman,Alamo,-76.9702265,-12.1094776
583,JirÃ³n Tuman,Avenida Tomasal,-76.9690293,-12.1086085
584,JirÃ³n Tuman,Santa Elena Sur,-76.9676405,-12.1076088
585,Avenida De la Floresta,Calle Monte Mayor,-76.9873039,-12.1144134
586,Avenida De la Floresta,Calle Monte Carlo,-76.9872513,-12.115265
587,Avenida De la Floresta,Calle Monte Umbroso,-76.9871317,-12.117168
588,Avenida De la Floresta,JirÃ³n Monterrey,-76.987411,-12.1127279
589,Avenida De la Floresta,Avenida Primavera,-76.9875216,-12.1110184
590,Pasaje El Molino,Pasaje J. NepeÃ±a,-76.9718431,-12.1093372
591,Pasaje El Molino,Pasaje El Molino,-76.9716051,-12.1086956
592,Avenida del Sur,Pasaje Monte Hermoso,-76.9821085,-12.1128079
593,Avenida del Sur,Pasaje Monte Canelo,-76.9823299,-12.1132185
594,Avenida del Sur,JirÃ³n Monte Flor,-76.9828243,-12.1141355
595,Avenida del Sur,JirÃ³n Monte Real,-76.9815199,-12.1117175
596,Avenida del Sur,Avenida Primavera,-76.981386,-12.1105981
597,Avenida del Sur,Avenida Velasco Astete,-76.9841072,-12.1154201
598,Avenida Del Pinar,JirÃ³n Trinidad,-76.9894659,-12.1098876
599,Avenida Del Pinar,Avenida Primavera,-76.9893907,-12.110821
600,Avenida Del Pinar,Avenida Del Pinar,-76.9896627,-12.1075689
601,Avenida Del Pinar,Avenida Esmeralda,-76.9896097,-12.1081034
602,Diego de AgÃ¼ero,Martin de Paz,-76.9769284,-12.1128534
603,Diego de AgÃ¼ero,JirÃ³n Alonso de Molina,-76.9767004,-12.1143706
604,Calle La Pradera,Bernstein,-76.9907125,-12.10812
605,Calle La Pradera,Siena,-76.9906526,-12.1089249
606,Calle La Pradera,Sicilia,-76.9901841,-12.1070229
607,Calle La Pradera,Avenida Primavera,-76.9905062,-12.1109049
608,Calle La Pradera,JirÃ³n Trinidad,-76.990573,-12.1099656
609,Calle Monte Claro,Avenida Primavera,-76.9829849,-12.110707
610,Calle Monte Claro,JirÃ³n Monte Real,-76.9829212,-12.111672
611,Calle Monte Pio,JirÃ³n Monterrey,-76.9884619,-12.1128003
612,Calle Monte Pio,Calle Monte Pio,-76.9885608,-12.111085
613,Calle Monte Pio,Avenida Primavera,-76.9885608,-12.111085
614,JirÃ³n Bartolome Ruiz,JerÃ³nimo de Aliaga Sur,-76.9765172,-12.111455
615,JirÃ³n Bartolome Ruiz,Calle MartÃ­n Pizarro,-76.9753706,-12.1131524
616,Calle La Pampilla,JirÃ³n Toquepala,-76.9907728,-12.1174009
617,Calle La Pampilla,Avenida Caminos del Inca,-76.9901261,-12.1170039
618,Avenida Del Pinar,JirÃ³n Monte Rosa,-76.9895674,-12.1120726
619,Avenida Del Pinar,JirÃ³n Monterrey,-76.9895743,-12.112877
620,JirÃ³n Domingo de la Presa,JirÃ³n Alonso de Molina,-76.9745962,-12.1133398
621,JirÃ³n Domingo de la Presa,JirÃ³n Domingo de la Presa,-76.9751449,-12.1121733
622,JirÃ³n Domingo de la Presa,Patapo,-76.9751449,-12.1121733
623,JirÃ³n Domingo de la Presa,Calle MartÃ­n Pizarro,-76.9749826,-12.1125548
624,JirÃ³n Los Recuerdos,Avenida Esmeralda,-76.9806057,-12.107799
625,JirÃ³n Los Recuerdos,Calle Bello Horizonte,-76.9806039,-12.1069149
626,JirÃ³n Los Recuerdos,JirÃ³n Pacaritambo,-76.9809905,-12.1043933
627,JirÃ³n Los Recuerdos,Calle El Dorado,-76.9808701,-12.1052304
628,JirÃ³n Los Recuerdos,Pasaje San Lucas,-76.9808067,-12.1056347
629,JirÃ³n Los Recuerdos,JirÃ³n Los Recuerdos,-76.9809975,-12.1088818
630,JirÃ³n Los Recuerdos,Florecillas,-76.9806241,-12.107933
631,JirÃ³n Los Recuerdos,JirÃ³n Mayorazgo,-76.9809975,-12.1088818
632,JirÃ³n Los Recuerdos,JirÃ³n Hermano Lobo,-76.9807351,-12.1061018
633,CristÃ³bal de la Peralta Norte,JerÃ³nimo de Aliaga Norte,-76.9785813,-12.1058317
634,Avenida JoaquÃ­n de la Madrid,Avenida JoaquÃ­n de la Madrid,-76.9926402,-12.1079284
635,Avenida JoaquÃ­n de la Madrid,Avenida San Luis,-76.9926402,-12.1079284
636,Calle Arturo Alcade Mongrut,Mariano Rivero y Ustariz,-76.9727489,-12.1141221
637,Calle Arturo Alcade Mongrut,Carlos Monge Medrano,-76.9718987,-12.1162557
638,Calle Arturo Alcade Mongrut,SebastiÃ¡n Barranca,-76.9718186,-12.1153943
639,Avenida Coronel Reynaldo Vivanco,Calle Montego Bay,-76.9787418,-12.1158554
640,Avenida Coronel Reynaldo Vivanco,JirÃ³n BatallÃ³n Tarma,-76.9800537,-12.117206
641,Avenida Coronel Reynaldo Vivanco,JirÃ³n Morro Solar,-76.9778586,-12.1149463
642,Calle Montego Bay,Avenida Coronel Reynaldo Vivanco,-76.9787418,-12.1158554
643,Calle Montego Bay,Avenida Los Precursores,-76.9793552,-12.1152775
644,Calle Montego Bay,Calle Montego Bay,-76.9793552,-12.1152775
645,JirÃ³n Pucala,Pucala,-76.9739863,-12.1126136
646,JirÃ³n Pucala,Avenida Primavera,-76.9749822,-12.1100446
647,JirÃ³n Pucala,Avenida La Encalada,-76.9739863,-12.1126136
648,JirÃ³n Pucala,Paramonga,-76.9749385,-12.1106037
649,JirÃ³n Pucala,Patapo,-76.974566,-12.1119199
650,JirÃ³n Pucala,Avenida El Polo,-76.9749822,-12.1100446
651,Pucala,Avenida La Encalada,-76.9738774,-12.1126526
652,Pucala,JirÃ³n Alonso de Molina,-76.9736977,-12.112708
653,Pucala,JirÃ³n Pucala,-76.9739863,-12.1126136
654,Calle Montes de Oro,Avenida Los Precursores,-76.9792342,-12.1131468
655,Calle Montes de Oro,JirÃ³n Morro Solar,-76.9781579,-12.1129896
656,Avenida De la Floresta,JirÃ³n Monte Cruz,-76.9873637,-12.1170049
657,JirÃ³n Las Garzas,Avenida Esmeralda,-76.9825824,-12.1078017
658,JirÃ³n Las Garzas,Calle Bello Horizonte,-76.9826292,-12.1071033
659,JirÃ³n Las Garzas,Alameda Los Picaflores,-76.9826872,-12.1062417
660,JirÃ³n Las Garzas,JirÃ³n Hermano Lobo,-76.9826872,-12.1062417
661,JirÃ³n Las Garzas,JirÃ³n Las Garzas,-76.9825824,-12.1078017
662,Calle Monte Bello,JirÃ³n Monte Rosa,-76.9918094,-12.1122154
663,Calle Monte Bello,Pasaje Monte Azul,-76.9917847,-12.112581
664,Calle Monte Bello,Monte Bello,-76.9918733,-12.1112912
665,Calle Monte Bello,Avenida Primavera,-76.9918733,-12.1112912
666,Calle Monte Bello,JirÃ³n Monterrey,-76.9917519,-12.113027
667,Calle Bello Horizonte,JirÃ³n Los Recuerdos,-76.9806039,-12.1069149
668,Calle Bello Horizonte,JirÃ³n Las Garzas,-76.9826292,-12.1071033
669,Calle Bello Horizonte,Avenida Buena Vista,-76.9797685,-12.1068273
670,Calle Monte Lunar,JirÃ³n Los Aviadores,-76.9894291,-12.1167835
671,Calle Monte Lunar,Avenida Caminos del Inca,-76.9898986,-12.1170947
672,JirÃ³n Pacaritambo,JirÃ³n Los Recuerdos,-76.9809905,-12.1043933
673,JirÃ³n Pacaritambo,Alameda Los Picaflores,-76.983018,-12.1045495
674,JirÃ³n Pacaritambo,Avenida Velasco Astete,-76.9850307,-12.1047045
675,JirÃ³n Pacaritambo,Buena fe,-76.9815678,-12.1044377
676,JirÃ³n Pacaritambo,JirÃ³n Alfredo GaleÃ³n,-76.9838913,-12.1046167
677,JirÃ³n Pacaritambo,Avenida Buena Vista,-76.9801082,-12.1043253
678,JirÃ³n Pacaritambo,JirÃ³n Pacaritambo,-76.9801082,-12.1043253
679,JirÃ³n Matarani,JirÃ³n Toquepala,-76.9912077,-12.1167307
680,JirÃ³n Matarani,Pasaje La Mina,-76.9919805,-12.1172595
681,Ensenada,Avenida Primavera,-76.9832711,-12.1103712
682,Calle Monte Cruz,Calle Montelimar,-76.989005,-12.1164852
683,JirÃ³n CaÃ±Ã³n del Pato,JirÃ³n Toquepala,-76.9915867,-12.1161464
684,JirÃ³n CaÃ±Ã³n del Pato,JirÃ³n Tampumachay,-76.9922272,-12.1165698
685,JirÃ³n CaÃ±Ã³n del Pato,JirÃ³n Fortaleza de Paramonga,-76.9927401,-12.1169858
686,JirÃ³n CaÃ±Ã³n del Pato,Pasaje La Mina,-76.9924739,-12.1167636
687,JirÃ³n CaÃ±Ã³n del Pato,Avenida Caminos del Inca,-76.9909255,-12.115755
688,JirÃ³n Toquepala,Calle La Pampilla,-76.9907728,-12.1174009
689,JirÃ³n Toquepala,JirÃ³n Matarani,-76.9912077,-12.1167307
690,JirÃ³n Toquepala,JirÃ³n CaÃ±Ã³n del Pato,-76.9915867,-12.1161464
691,Avenida Los Precursores,Calle MontefrÃ­o,-76.9802004,-12.1160198
692,Avenida Los Precursores,BatallÃ³n Tarma,-76.9807525,-12.1165723
693,Avenida Los Precursores,JirÃ³n BatallÃ³n Tarma,-76.9807525,-12.1165723
694,Avenida Los Precursores,Monte Flor,-76.9791584,-12.1136794
695,Avenida Los Precursores,Calle Montego Bay,-76.9794231,-12.1152148
696,Juan XXIII,PÃ­o XII,-76.9654794,-12.0963486
697,Juan XXIII,Paulo VI,-76.9645025,-12.0960044
698,Pentagonito,Avenida Panamericana Sur,-76.9793761429595,-12.1027592099672
699,JirÃ³n El Cortijo,PÃ­o XII,-76.9656119,-12.0988156
700,JirÃ³n El Cortijo,Calle La Girlada,-76.9677709,-12.0979877
701,JirÃ³n El Cortijo,Calle Union,-76.9663466,-12.0985394
702,JirÃ³n El Cortijo,Avenida Los Algarrobos,-76.965064,-12.0990339
703,JirÃ³n El Cortijo,Jose Nicolas Rodrigo,-76.9644534,-12.0992699
704,JirÃ³n El Cortijo,Cineraria,-76.9644534,-12.0992699
705,Avenida NicolÃ s Rodrigo,Jose Nicolas Rodrigo,-76.9649355,-12.1003497
706,Avenida NicolÃ s Rodrigo,Avenida Lima Polo,-76.9649355,-12.1003497
707,Paulo VI,Juan XXIII,-76.9645025,-12.0960044
708,Avenida El Polo,Avenida El Derby,-76.9706577,-12.0987571
709,Calle Monte Grande,JirÃ³n Monte Rosa,-76.9906882,-12.1121441
710,Calle Monte Grande,Pasaje Monte Azul,-76.9906576,-12.1125412
711,Calle Monte Grande,Avenida Primavera,-76.9907519,-12.111215
712,Calle Monte Grande,JirÃ³n Monterrey,-76.9906318,-12.1129498
713,Pasaje Monte Azul,Calle Monte Bello,-76.9917847,-12.112581
714,Pasaje Monte Azul,Calle Monte Grande,-76.9906576,-12.1125412
715,Calle El Dorado,JirÃ³n Los Recuerdos,-76.9808701,-12.1052304
716,Calle El Dorado,Alameda Los Picaflores,-76.9827511,-12.105387
717,Alameda Los Picaflores,Avenida Juan Bielovucic Cavalier,-76.9830843,-12.1035712
718,Alameda Los Picaflores,JirÃ³n Pacaritambo,-76.983018,-12.1045495
719,Alameda Los Picaflores,JirÃ³n Hermano Lobo,-76.9829017,-12.1062571
720,Alameda Los Picaflores,Alameda Los Picaflores,-76.9830843,-12.1035712
721,Calle 20,Avenida Buena Vista,-76.9809186,-12.0973416
722,Calle 20,Avenida San Borja Norte,-76.9834708,-12.0970297
723,Calle 20,Pasaje 21,-76.9822406,-12.0975078
724,Calle Andalucia,Avenida Esmeralda,-76.98674,-12.1079936
725,Calle Andalucia,Calle Buen Retiro,-76.9866787,-12.1088044
726,Calle Andalucia,JirÃ³n Trinidad,-76.9866121,-12.1096865
727,Avenida de la Floresta,Avenida Boulevard de Surco,-76.9898692,-12.103119
728,Avenida de la Floresta,Avenida San Borja Sur,-76.9903303,-12.1028605
729,Avenida San Borja Norte,Avenida Boulevard de Surco,-76.9892231,-12.0961131
730,Avenida San Borja Norte,JirÃ³n Paseo del Bosque,-76.988581,-12.096307
731,Avenida San Borja Norte,Calle 20,-76.9845282,-12.0967845
732,Avenida Buena Vista,Bielovucic Cavalier,-76.9801909,-12.1030455
733,Avenida Buena Vista,Calle Bello Horizonte,-76.9797685,-12.1068273
734,Avenida Buena Vista,Florecillas,-76.9797768,-12.1080991
735,Avenida San Borja Norte,Avenida Velasco Astete Oeste,-76.985465,-12.0963225
736,Avenida Esmeralda,Avenida de la Floresta,-76.9885654,-12.1076511
737,Avenida Esmeralda,Calle Andalucia,-76.98674,-12.1079936
738,Mora,Avenida Primavera,-76.9820731,-12.1102801
739,Mora,JirÃ³n Los Recuerdos,-76.9821331,-12.1094354
740,Calle Buen Retiro,Calle Andalucia,-76.9866787,-12.1088044
741,Calle Buen Retiro,Avenida de la Floresta,-76.9886097,-12.108951
742,Avenida Del Pinar,Siena,-76.9898012,-12.1088749
743,Avenida Del Pinar,JirÃ³n Paseo del Bosque,-76.9903441,-12.1051454
744,Avenida Del Pinar,Calle La Florencia,-76.9897388,-12.1064365
745,Bernstein,Calle Venecia,-76.9912764,-12.1079937
746,Bernstein,Calle La Pradera,-76.9907125,-12.10812
747,Avenida San Borja Norte,JirÃ³n Durero,-76.9899724,-12.0957515
748,Alameda Los Picaflores,JirÃ³n Las Garzas,-76.9826872,-12.1062417
749,Alameda Los Picaflores,Calle El Dorado,-76.9827511,-12.105387
750,JirÃ³n Alfredo GaleÃ³n,JirÃ³n Alfredo GaleÃ³n,-76.9836622,-12.1076883
751,JirÃ³n Alfredo GaleÃ³n,JirÃ³n Hermano Lobo,-76.9837644,-12.1063189
752,JirÃ³n Alfredo GaleÃ³n,Avenida Esmeralda,-76.9836622,-12.1076883
753,JirÃ³n Alfredo GaleÃ³n,JirÃ³n Los Recuerdos,-76.9835267,-12.1095222
754,JirÃ³n Alfredo GaleÃ³n,JirÃ³n Mayorazgo,-76.9835878,-12.1086698
755,Pasaje Mercurio Peruano,Avenida Los Precursores,-76.979424,-12.1117851
756,Pasaje Mercurio Peruano,JirÃ³n Morro Solar,-76.978366,-12.1117358
757,JerÃ³nimo de Aliaga Sur,JirÃ³n Bartolome Ruiz,-76.9765172,-12.111455
758,JerÃ³nimo de Aliaga Sur,Avenida Primavera,-76.976656,-12.1101544
759,JerÃ³nimo de Aliaga Sur,Diego de AgÃ¼ero,-76.9765812,-12.1108605
760,Las Laderas de las Casuarinas,SeÃ±or de Sipan,-76.9710593,-12.1138817
761,Las Laderas de las Casuarinas,Avenida Tomasal,-76.9700721,-12.1152078
762,Las Laderas de las Casuarinas,Don Diego de Noche,-76.9700721,-12.1152078
763,Monte Bello,Avenida Angamos Este,-76.9918805241729,-12.111205604925
764,Monte Bello,Avenida Primavera,-76.9918878496883,-12.1110814707367
765,Monte Bello,Calle Monte Bello,-76.9918733,-12.1112912
766,Monte Bello,CiclovÃ­a Primavera,-76.9918771,-12.1112552
767,JirÃ³n Paseo del Bosque,Avenida de la Floresta,-76.9893592,-12.1032106
768,JirÃ³n Paseo del Bosque,JirÃ³n Paseo del Bosque,-76.9893592,-12.1032106
769,Calle Brea y Parinas,JirÃ³n Tampumachay,-76.9927796,-12.1158995
770,Calle Brea y Parinas,Avenida Caminos del Inca,-76.9914007,-12.1150339
771,Avenida Primavera,Ensenada,-76.9832711,-12.1103712
772,Avenida Primavera,Mora,-76.9820731,-12.1102801
773,Avenida Primavera,JerÃ³nimo de Aliaga Norte,-76.9766621,-12.1100269
774,Avenida Primavera,Pomalca,-76.9743255,-12.1098689
775,Avenida Primavera,CristÃ³bal de la Peralta Norte,-76.9773787,-12.1100772
776,Avenida Primavera,Avenida El Polo,-76.9749921,-12.1099123
777,Avenida Primavera,Avenida La Encalada,-76.9728208,-12.1097587
778,Avenida La Encalada,JirÃ³n Cayalti,-76.970731,-12.1049785
779,Avenida La Encalada,San Jacinto,-76.9709815,-12.1055686
780,Avenida La Encalada,El Carmelo,-76.9712206,-12.1061649
781,Avenida La Encalada,Calle MarÃ­a Luisa,-76.9717655,-12.1074725
782,Avenida La Encalada,Alamo,-76.9719608,-12.1079646
783,Avenida La Encalada,Pasaje J. NepeÃ±a,-76.9724307,-12.1091155
784,Avenida Primavera,Tambo Real,-76.9714744,-12.1095056
785,Avenida Primavera,Alamo,-76.9706248,-12.1089525
786,Avenida Primavera,Amarilis,-76.9661071,-12.1056839
787,Avenida Primavera,Tambo de Oro,-76.9668369,-12.106224
788,Avenida Primavera,Avenida Tomasal,-76.969434,-12.1080888
789,Avenida Panamericana Sur,Avenida Panamericana Sur,-76.9783883,-12.1097799
790,Avenida Primavera,JirÃ³n Pucala,-76.9749822,-12.1100446
791,Avenida Primavera,JerÃ³nimo de Aliaga Sur,-76.976656,-12.1101544
792,Avenida Panamericana Sur,Paradero,-76.9778508,-12.1125924
793,Avenida La Encalada,Las Casuarinas,-76.974216,-12.1130835
794,Avenida La Encalada,JirÃ³n Pucala,-76.9739863,-12.1126136
795,Avenida Manuel Olguin,JirÃ³n El Cortijo,-76.9735865,-12.0957743
796,Avenida El Derby,Avenida La Encalada,-76.9691972,-12.0989907
797,Avenida El Derby,Avenida Lima Polo,-76.9690688,-12.0989795
798,Avenida El Derby,Aymaras,-76.9722659,-12.0982449
799,Avenida El Derby,Avenida El Polo,-76.9706967,-12.0988557
800,Avenida La Encalada,Avenida Lima Polo,-76.9692345,-12.0990933
801,Avenida La Encalada,Calle Los Tulipanes,-76.9699354,-12.1008981
802,Avenida La Encalada,Boulevard,-76.9696322,-12.1001244
803,Avenida La Encalada,Avenida El Derby,-76.9691972,-12.0989907
804,Avenida La Encalada,Calle Padre Luis Tezza,-76.9707247,-12.1030053
805,Avenida La Encalada,JirÃ³n El Cortijo,-76.969464,-12.0978046
806,Ovalo Los Delfines,Avenida Primavera,-76.9652528,-12.1050242
807,Ovalo Los Delfines,Los Alamos,-76.9655459,-12.1050388
808,Ovalo Los Delfines,JirÃ³n AldebarÃ¡n,-76.9654639,-12.1048695
809,Ovalo Los Delfines,Los Narcisos,-76.9653902,-12.1048563
810,Ovalo Los Delfines,Avenida Central,-76.9653715,-12.1051459
811,Calle M. Ganoza,Monte Umbroso,-76.9825205,-12.1167761
812,Calle Monte Alegre,Calle Monte Carlo,-76.9863832,-12.1151965
813,Avenida Primavera,Calle Monte Bello,-76.9918733,-12.1112912
814,Avenida Primavera,Calle Monte Grande,-76.9907519,-12.111215
815,Avenida Primavera,Monte Bello,-76.9918733,-12.1112912
816,Paramonga,JirÃ³n Pucala,-76.9749385,-12.1106037
817,Paramonga,Patapo,-76.973798,-12.1105317
818,Intercambio Vial El Derby,Avenida Panamericana Sur,-76.9799271829202,-12.0987788084534
819,Intercambio Vial El Derby,CristÃ³bal de la Peralta Norte,-76.9795148936231,-12.0988702909067
820,Patapo,JirÃ³n Domingo de la Presa,-76.9751449,-12.1121733
821,Patapo,JirÃ³n Pucala,-76.974566,-12.1119199
822,Patapo,Paramonga,-76.973798,-12.1105317
823,Avenida Primavera,Avenida Angamos Este,-76.989649,-12.1110394
824,Avenida Caminos del Inca,JirÃ³n Los Aviadores,-76.9893807,-12.1179036
825,Avenida Caminos del Inca,Calle Monte Lunar,-76.9898986,-12.1170947
826,Avenida Caminos del Inca,Avenida Caminos del Inca,-76.9898986,-12.1170947
827,Pasaje Monte Hermoso,Conde de La Vega,-76.9814507,-12.1131562
828,Pasaje Monte Hermoso,Avenida del Sur,-76.9821085,-12.1128079
829,Monte Flor,Pasaje Monte Canelo,-76.983252,-12.1126962
830,Pasaje Monte Canelo,Avenida del Sur,-76.9823299,-12.1132185
831,Pasaje Monte Canelo,Monte Flor,-76.983252,-12.1126962
832,JirÃ³n Tampumachay,JirÃ³n CaÃ±Ã³n del Pato,-76.9922272,-12.1165698
833,JirÃ³n Tampumachay,Calle Brea y Parinas,-76.9927796,-12.1158995
834,JirÃ³n Tampumachay,Calle Aricota,-76.9932513,-12.1153159
835,JirÃ³n Fortaleza de Paramonga,JirÃ³n CaÃ±Ã³n del Pato,-76.9927401,-12.1169858
836,Calle Aricota,JirÃ³n Tampumachay,-76.9932513,-12.1153159
837,Calle Aricota,Avenida Caminos del Inca,-76.9917928,-12.1144302
838,Calle Aricota,JirÃ³n Tinajones,-76.9924011,-12.114799
839,Calle Vilcabamba,JirÃ³n Tinajones,-76.9928839,-12.1140476
840,Calle Punta Pejerrey,JirÃ³n Tinajones,-76.993232,-12.1135113
841,Calle Punta Pejerrey,Avenida Caminos del Inca,-76.9926171,-12.113129
842,Calle Punta Pejerrey,JirÃ³n Monterrey,-76.9926171,-12.113129
843,Pasaje La Mina,JirÃ³n Matarani,-76.9919805,-12.1172595
844,Pasaje La Mina,JirÃ³n CaÃ±Ã³n del Pato,-76.9924739,-12.1167636
845,Paseo del Bosque,JirÃ³n Trinidad,-76.9927814,-12.1098775
846,Paseo del Bosque,Bosque,-76.9924835,-12.1092847
847,Paseo del Bosque,San Borja,-76.9921956,-12.1087557
848,Paseo del Bosque,Calle Melissa,-76.9919132,-12.1082079
849,Paseo del Bosque,JirÃ³n Paseo del Bosque,-76.9919132,-12.1082079
850,Paseo del Bosque,Paseo del Bosque,-76.9927814,-12.1098775
851,Talavera,Eduardo Ford,-76.9873477,-12.0948725
852,Talavera,JirÃ³n Paseo del Bosque,-76.9879953,-12.0946608
853,Calle Leonard Bernstein,Eduardo Ford,-76.9875201,-12.0953586
854,Hurtado,Avenida Buena Vista,-76.9808162,-12.0980419
855,Yeves,Avenida Buena Vista,-76.9806065,-12.0995541
856,Sena,Avenida Buena Vista,-76.9804802,-12.1005032
857,Pasaje San Lucas,JirÃ³n Los Recuerdos,-76.9808067,-12.1056347
858,Pasaje San Lucas,Avenida Buena Vista,-76.9799426,-12.1055204
859,Duarez,Avenida Buena Vista,-76.979851,-12.1088881
860,JirÃ³n Trinidad,Calle Matamoros,-76.9856545,-12.109619
861,JirÃ³n Trinidad,Avenida Del Pinar,-76.9894659,-12.1098876
862,JirÃ³n Trinidad,Calle Andalucia,-76.9866121,-12.1096865
863,JirÃ³n Trinidad,Avenida de la Floresta,-76.9885531,-12.1098232
864,JirÃ³n Trinidad,Pasaje Sausalito,-76.9870696,-12.1097158
865,Calle Matamoros,Avenida Primavera,-76.9855832,-12.1105353
866,Palo Santo,Calle Matamoros,-76.9856776,-12.1092957
867,Palo Santo,Avenida Velasco Astete,-76.9847068,-12.1092311
868,Siena,Calle La Pradera,-76.9906526,-12.1089249
869,Siena,Avenida Del Pinar,-76.9898012,-12.1088749
870,JirÃ³n Trinidad,Calle Venecia,-76.9923236,-12.1100836
871,JirÃ³n Trinidad,Paseo del Bosque,-76.9927814,-12.1098775
872,JirÃ³n Trinidad,JirÃ³n Trinidad,-76.9923236,-12.1100836
873,Verona,Avenida Primavera,-76.9913702,-12.1109677
874,Verona,JirÃ³n Trinidad,-76.9914359,-12.1100264
875,Bosque,Avenida San Luis,-76.9928656,-12.1091027
876,Bosque,Paseo del Bosque,-76.9924835,-12.1092847
877,San Borja,Avenida San Luis,-76.9926306,-12.1085456
878,San Borja,Paseo del Bosque,-76.9921956,-12.1087557
879,Calle Melissa,Calle Venecia,-76.9915045,-12.1084143
880,Calle Melissa,Paseo del Bosque,-76.9919132,-12.1082079
881,TurÃ­n,Avenida Boulevard de Surco,-76.9920248,-12.1072801
882,TurÃ­n,JirÃ³n Paseo del Bosque,-76.9915579,-12.1075157
883,Varese,Avenida Boulevard de Surco,-76.9913132,-12.1058786
884,Varese,JirÃ³n Paseo del Bosque,-76.9908383,-12.106111
885,Napoles,Avenida Boulevard de Surco,-76.9915727,-12.1063841
886,Napoles,JirÃ³n Paseo del Bosque,-76.9910925,-12.1066109
887,Pisa,Avenida Boulevard de Surco,-76.9917554,-12.1067408
888,Pisa,JirÃ³n Paseo del Bosque,-76.9912939,-12.1070054
889,Brescia,Avenida Boulevard de Surco,-76.992181,-12.1075919
890,Brescia,JirÃ³n Paseo del Bosque,-76.9917228,-12.1078384
891,Arregi,Calle Hassinger,-76.9920533,-12.1038185
892,Arregi,Schrader,-76.9915182,-12.1040442
893,Avenida Velasco Astete,Avenida Esmeralda,-76.9848098,-12.1077689
894,Avenida Velasco Astete,JirÃ³n Pacaritambo,-76.9850307,-12.1047045
895,Avenida Velasco Astete,JirÃ³n Hermano Lobo,-76.984901,-12.1064004
896,Avenida Velasco Astete,Avenida Velasco Astete,-76.9848098,-12.1077689
897,Avenida Coronel Reynaldo Vivanco,Avenida Coronel Reynaldo Vivanco,-76.9779635,-12.1152106
898,CristÃ³bal de la Peralta Norte,Avenida Primavera,-76.9773787,-12.1100772
899,CristÃ³bal de la Peralta Norte,Pasaje NicolÃ¡s de Rivera,-76.9783702,-12.1074141
900,Avenida Los Precursores,Pasaje Llanos Zapata,-76.9789682,-12.1143478
901,Pasaje Llanos Zapata,Avenida Los Precursores,-76.9789682,-12.1143478
902,Pasaje Llanos Zapata,JirÃ³n Morro Solar,-76.9779766,-12.1142406
903,Avenida Los Precursores,JirÃ³n Morro Solar,-76.9791422,-12.1106079
904,Avenida Boulevard de Surco,Avenida de la Floresta,-76.9898692,-12.103119
905,Avenida Boulevard de Surco,TurÃ­n,-76.9920248,-12.1072801
906,Avenida Boulevard de Surco,Varese,-76.9913132,-12.1058786
907,Avenida Boulevard de Surco,Napoles,-76.9915727,-12.1063841
908,Avenida Boulevard de Surco,Pisa,-76.9917554,-12.1067408
909,Avenida Boulevard de Surco,Brescia,-76.992181,-12.1075919
910,Avenida Boulevard de Surco,Pasaje Varese,-76.9910899,-12.1054194
911,Avenida Boulevard de Surco,Avenida San Luis,-76.9922872,-12.107729
912,Avenida La RepÃºblica,JirÃ³n SantorÃ­n,-76.9764198,-12.1001385
913,Avenida La RepÃºblica,Avenida El Derby,-76.9757367,-12.0983696
914,Avenida Panamericana Sur,Intercambio Vial El Derby,-76.9799271829202,-12.0987788084534
915,Avenida Angamos Este,Monte Bello,-76.9918805241729,-12.111205604925
916,Los Eucaliptos,JirÃ³n El Cortijo,-76.9718569,-12.0964232
917,Los Eucaliptos,Calle El Parral,-76.9713735,-12.0952101
918,Avenida Panamericana Sur,Avenida Primavera,-76.9781994007417,-12.1101346860687
919,Avenida La RepÃºblica,JirÃ³n El Incario,-76.9767379,-12.101153
920,Avenida del Sur,Monte Flor,-76.9829177,-12.114087
921,JirÃ³n Monterrey,Calle Monte Pio,-76.9884619,-12.1128003
922,JirÃ³n Monterrey,Avenida Del Pinar,-76.9895743,-12.112877
923,JirÃ³n Monterrey,Calle Monte Grande,-76.9906318,-12.1129498
924,JirÃ³n Monterrey,JirÃ³n Monterrey,-76.9884619,-12.1128003
925,Avenida Primavera,Avenida de la Floresta,-76.9883928,-12.1107335
926,Avenida de la Floresta,Calle Buen Retiro,-76.9886097,-12.108951
927,Avenida de la Floresta,JirÃ³n Trinidad,-76.9885531,-12.1098232
928,Calle Pablo Usandizaga,Avenida JoaquÃ­n de la Madrid,-76.9930584,-12.1076039
929,Calle Pablo Usandizaga,Amadeo Vives,-76.9928526,-12.1070643
930,JirÃ³n Tinajones,Calle Vilcabamba,-76.9928839,-12.1140476
931,JirÃ³n Tinajones,Calle Punta Pejerrey,-76.993232,-12.1135113
932,JirÃ³n Tinajones,JirÃ³n Tinajones,-76.9928839,-12.1140476
933,JirÃ³n Franz Schubert,Calle Juan Gris,-76.9902306,-12.099162
934,JirÃ³n Franz Schubert,Calle Amadeo Mozart,-76.9905835,-12.0996056
935,JirÃ³n Franz Schubert,JirÃ³n Bethoven,-76.9909899,-12.10007
936,JirÃ³n Franz Schubert,JirÃ³n Johanes Brahams,-76.9913476,-12.1004767
937,JirÃ³n Franz Schubert,Calle Federico Chopin,-76.9917709,-12.1009364
938,JirÃ³n Franz Schubert,CiclovÃ­a San Borja Sur,-76.9918073,-12.1009844
939,JirÃ³n LÃ³pez de Ayala,JirÃ³n Maurice Utrillo,-76.9913721,-12.0961805
940,JirÃ³n LÃ³pez de Ayala,Pasaje Lucas Cranach,-76.9922518,-12.0955458
941,JirÃ³n LÃ³pez de Ayala,Avenida Boulevard de Surco,-76.9892428,-12.0967544
942,JirÃ³n Fray AngÃ©lico,Calle Juan Gris,-76.9924292,-12.0981702
943,Avenida La Encalada,Avenida El Polo,-76.9699104,-12.096865
944,Cerro San Francisco,La Cumbre,-76.9666041,-12.1173642
945,Cineraria,Jose Nicolas Rodrigo,-76.9644534,-12.0992699
946,Cineraria,Calle Flor de Liz,-76.9638631,-12.0978184
947,Cineraria,JirÃ³n El Cortijo,-76.9644534,-12.0992699
948,Don Diego de Noche,Avenida Tomasal,-76.9694534,-12.1144125
949,Don Diego de Noche,Las Laderas de las Casuarinas,-76.9700721,-12.1152078
950,La Cuesta,Calle Las Laderas,-76.9682613,-12.1177558
951,La Cuesta,El Cascajal,-76.9691255,-12.116925
952,La Cumbre,Cerro San Francisco,-76.9666041,-12.1173642
953,JirÃ³n La NiÃ±a,Calle Monte Umbroso,-76.9846105,-12.1170008
954,Las Colinas,Cerro San Francisco,-76.9651712,-12.1158984
955,Los Alamos,JirÃ³n El Cortijo,-76.9730237,-12.0959844
956,Los Alamos,Calle El Parral,-76.9726181,-12.0949741
957,JirÃ³n 24,Calle 26,-76.9823872,-12.0951575
958,JirÃ³n 24,JirÃ³n 27,-76.9823101,-12.0958338
959,Calle Monte Alegre,JirÃ³n Monte Carmelo,-76.9852206,-12.1159619
960,JirÃ³n Monte Cruz,Avenida De la Floresta,-76.9873637,-12.1170049
961,JirÃ³n Monte Cruz,Montelimar,-76.9879117,-12.1170432
962,JirÃ³n Monte Flor,Conde de La Vega,-76.9821983,-12.1144616
963,JirÃ³n Monte Flor,Avenida del Sur,-76.9828243,-12.1141355
964,JirÃ³n Monte Flor,Monte Flor,-76.9812889,-12.114824
965,JirÃ³n Monte Flor,Monte Umbroso,-76.9812889,-12.114824
966,Monte Flor,JirÃ³n Monte Flor,-76.9812889,-12.114824
967,Monte Flor,Monte Umbroso,-76.9812889,-12.114824
968,Monte Umbroso,Conde de La Vega,-76.9833021,-12.1169214
969,Monte Umbroso,Calle M. Ganoza,-76.9825205,-12.1167761
970,Monte Umbroso,Calle Monte Umbroso,-76.9839825,-12.1169622
971,Monte Umbroso,Avenida Velasco Astete,-76.9839825,-12.1169622
972,Monte Umbroso,Pasaje Monte Cristi,-76.9823131,-12.1166092
973,Monte Umbroso,Calle MontefrÃ­o,-76.9814831,-12.1151643
974,Monte Umbroso,JirÃ³n Monte Flor,-76.9812889,-12.114824
975,Monte Umbroso,Monte Flor,-76.9812889,-12.114824
976,Monte Umbroso,JirÃ³n BatallÃ³n Tarma,-76.9818536,-12.115822
977,Calle Monte Umbroso,Avenida De la Floresta,-76.9871317,-12.117168
978,Calle Monte Umbroso,JirÃ³n La NiÃ±a,-76.9846105,-12.1170008
979,Calle Monte Umbroso,Calle Monte Umbroso,-76.9841656,-12.1169704
980,Calle Monte Umbroso,Avenida Velasco Astete,-76.9841656,-12.1169704
981,Calle Monte Umbroso,JirÃ³n Monte Carmelo,-76.9851212,-12.1170263
982,Montelimar,Calle Montelimar,-76.9879498,-12.1164241
983,Montelimar,JirÃ³n Monte Cruz,-76.9879117,-12.1170432
984,PÃ­o XII,Avenida Lima Polo,-76.9660508,-12.0999317
985,PÃ­o XII,Calle Pinerolo,-76.9667057,-12.095632
986,PÃ­o XII,Avenida El Polo,-76.9681342,-12.0951302
987,Diego de AgÃ¼ero,JerÃ³nimo de Aliaga Sur,-76.9765812,-12.1108605
988,Avenida JacarandÃ¡,Avenida Buganvilla,-76.9764536,-12.1172134
989,Federico Chopin,Calle 4,-76.9625852,-12.1106454
990,Federico Chopin,Avenida Central,-76.9622213,-12.108759
991,Los Apaches,Francisco de Cuellar,-76.9752944,-12.1065729
992,Los Apaches,Los Araucanos,-76.9749092,-12.1062186
993,Monte Real,Avenida Velasco Astete,-76.9845254,-12.1117906
994,Monte Real,JirÃ³n Monte Carmelo,-76.9855034,-12.1118501
995,Monte Real,JirÃ³n Monte Real,-76.9843658,-12.1117762
996,Monte Real,Monte Seco,-76.9857421,-12.1118625
997,Avenida Monte Umbroso,Monte Umbroso,-76.9799968,-12.1126526
998,Avenida Monte Umbroso,Avenida Los Precursores,-76.9793136,-12.1125843
999,JirÃ³n Monterrey,Avenida De la Floresta,-76.987411,-12.1127279
1000,Pedro de Candia,Garcia de Salcedo,-76.9757401,-12.1092484
1001,Pedro de Candia,Torre,-76.9751618,-12.109202
1002,Avenida Tomasal,Calle El Eucalipto,-76.9671639,-12.111151
1003,Avenida Tomasal,Laguna Chica,-76.9671371,-12.1113093
1004,Avenida Tomasal,Las Catileyas,-76.9674656,-12.1107161
1005,Avenida Tomasal,JirÃ³n Tuman,-76.9690293,-12.1086085
1006,Avenida Tomasal,Avenida Primavera,-76.969434,-12.1080888
1007,Avenida Tomasal,JirÃ³n Alonso de Molina,-76.9686878,-12.1090576
1008,Calle Zinnia,JirÃ³n Cayalti,-76.9693196,-12.1061693
1009,Calle Zinnia,Santa Elena Norte,-76.9682568,-12.1060058
1010,Pasaje Montesco,JirÃ³n BatallÃ³n Tarma,-76.9812206,-12.1162048
1011,Pasaje Montesco,Pasaje Monte Cristi,-76.9818341,-12.1169779
1012,El Pedregal,Las Colinas,-76.9683285,-12.1141224
1013,JirÃ³n BatallÃ³n Tarma,Avenida Coronel Reynaldo Vivanco,-76.9800537,-12.117206
1014,JirÃ³n BatallÃ³n Tarma,Avenida Los Precursores,-76.9806828,-12.1166322
1015,JirÃ³n BatallÃ³n Tarma,BatallÃ³n Tarma,-76.9806828,-12.1166322
1016,BatallÃ³n Tarma,Avenida Los Precursores,-76.9807525,-12.1165723
1017,BatallÃ³n Tarma,JirÃ³n BatallÃ³n Tarma,-76.9806828,-12.1166322
1018,JirÃ³n BatallÃ³n Tarma,Monte Umbroso,-76.9818536,-12.115822
1019,JirÃ³n BatallÃ³n Tarma,Pasaje Montesco,-76.9812206,-12.1162048
1020,Calle Amadeo Mozart,JirÃ³n Franz Liszt,-76.9919245,-12.0987823
1021,Calle Juan Gris,JirÃ³n Rosetti,-76.9920482,-12.0981752
1022,Calle Juan Gris,JirÃ³n Fray AngÃ©lico,-76.9924292,-12.0981702
1023,Calle Juan Gris,JirÃ³n Franz Liszt,-76.9915075,-12.0983489
1024,Sicilia,Calle Venecia,-76.9906564,-12.1067951
1025,Sicilia,Calle La Pradera,-76.9901841,-12.1070229
1026,Sicilia,JirÃ³n Paseo del Bosque,-76.9910792,-12.1065849
1027,Sicilia,Sicilia,-76.9899313,-12.1070487
1028,JirÃ³n Paseo del Bosque,Calle Melissa,-76.9919004,-12.108183
1029,JirÃ³n Paseo del Bosque,Avenida Del Pinar,-76.9903441,-12.1051454
1030,JirÃ³n Paseo del Bosque,Paseo del Bosque,-76.9919132,-12.1082079
1031,JirÃ³n Paseo del Bosque,TurÃ­n,-76.9915579,-12.1075157
1032,JirÃ³n Paseo del Bosque,Varese,-76.9908383,-12.106111
1033,JirÃ³n Paseo del Bosque,Napoles,-76.9910925,-12.1066109
1034,JirÃ³n Paseo del Bosque,Pisa,-76.9912939,-12.1070054
1035,JirÃ³n Paseo del Bosque,Brescia,-76.9917228,-12.1078384
1036,JirÃ³n Paseo del Bosque,Sicilia,-76.9910792,-12.1065849
1037,JirÃ³n Paseo del Bosque,Pasaje Varese,-76.9906005,-12.10565
1038,Chavin,Avenida La Encalada,-76.9733136,-12.1112574
1039,Chavin,JirÃ³n Alonso de Molina,-76.9726556,-12.1119336
1040,Torre,Pedro de Candia,-76.9751618,-12.109202
1041,Pomalca,JirÃ³n Cayalti,-76.9721406,-12.1040431
1042,Calle La Ameda,JirÃ³n Alonso de Molina,-76.9695959,-12.1097255
1043,Calle La Cumbre,Calle Laguna Chica,-76.9645485,-12.1117856
1044,Calle Laguna Chica,Calle La Cumbre,-76.9645485,-12.1117856
1045,Calle San Jorge,Calle Las Laderas,-76.9656702,-12.1131317
1046,Calle Monte Real,Conde de La Vega,-76.9808011,-12.1120135
1047,Calle Monte Real,Avenida Los Precursores,-76.9794077,-12.1119284
1048,Calle Monte Real,JirÃ³n Monte Real,-76.9808011,-12.1120135
1049,Sicilia,Avenida Del Pinar,-76.9896995,-12.1070294
1050,JirÃ³n Las Fresias,Estepa Rusa,-76.9624809,-12.1060077
1051,JirÃ³n Las Fresias,JirÃ³n Alonso de Molina,-76.9631961,-12.1050422
1052,JirÃ³n Las Fresias,Pasaje Tundras,-76.9629694,-12.1053483
1053,JirÃ³n Las Fresias,Pasaje Selva Virgen,-76.962265,-12.1062991
1054,Calle Monte Pio,CiclovÃ­a Primavera,-76.9886024,-12.111066
1055,Avenida Angamos Este,Avenida Primavera,-76.989649,-12.1110394
1056,Avenida Caminos del Inca,Calle Punta Pejerrey,-76.9926171,-12.113129
1057,Avenida Caminos del Inca,JirÃ³n Monterrey,-76.9926171,-12.113129
1058,JirÃ³n Monterrey,Calle Punta Pejerrey,-76.9926171,-12.113129
1059,JirÃ³n Monterrey,Avenida Caminos del Inca,-76.9926171,-12.113129
1060,Avenida Primavera,Avenida Del Pinar,-76.9896369,-12.1111467
1061,Avenida Primavera,Calle La Pradera,-76.9905062,-12.1109049
1062,Avenida Primavera,Verona,-76.9913702,-12.1109677
1063,Avenida Primavera,Paseo del Bosque,-76.9926691,-12.1110565
1064,Calle Monte Umbroso,Monte Umbroso,-76.9839825,-12.1169622
1065,JirÃ³n Monte Blanco,Monte Flor,-76.9832495,-12.1132825
1066,JirÃ³n Monte Real,Conde de La Vega,-76.9808011,-12.1120135
1067,JirÃ³n Monte Real,Avenida del Sur,-76.9815199,-12.1117175
1068,JirÃ³n Monte Real,Calle Monte Real,-76.9808011,-12.1120135
1069,JirÃ³n Monte Real,JirÃ³n Monte Real,-76.9815199,-12.1117175
1070,Avenida Primavera,Avenida del Sur,-76.981386,-12.1105981
1071,Avenida Primavera,Calle Monte Claro,-76.9829849,-12.110707
1072,Avenida Velasco Astete,Avenida Primavera,-76.9844361,-12.1108059
1073,Avenida Velasco Astete,CiclovÃ­a Primavera,-76.9844373,-12.1107819
1074,Avenida Velasco Astete,JirÃ³n Monte Blanco,-76.9844128,-12.1133775
1075,Avenida Velasco Astete,Calle Monte Umbroso,-76.9841656,-12.1169704
1076,Avenida Velasco Astete,Monte Real,-76.9845254,-12.1117906
1077,Avenida Velasco Astete,Calle Monte Carlo,-76.9842855,-12.1150306
1078,Avenida Velasco Astete,Avenida Juan Bielovucic Cavalier,-76.9849349,-12.1037367
1079,Avenida Velasco Astete,JirÃ³n Los Recuerdos,-76.9845092,-12.1096032
1080,Avenida Primavera,Calle Matamoros,-76.9855832,-12.1105353
1081,Avenida Primavera,Calle Monte Pio,-76.988784,-12.1109833
1082,Avenida Caminos del Inca,Calle La Pampilla,-76.9901261,-12.1170039
1083,Avenida Caminos del Inca,JirÃ³n CaÃ±Ã³n del Pato,-76.9909255,-12.115755
1084,Avenida Caminos del Inca,Calle Brea y Parinas,-76.9914007,-12.1150339
1085,Avenida Caminos del Inca,Calle Aricota,-76.9917928,-12.1144302
1086,Pasaje J. NepeÃ±a,Pasaje El Molino,-76.9718431,-12.1093372
1087,Pasaje J. NepeÃ±a,Avenida Primavera,-76.9715784,-12.1094193
1088,Pasaje J. NepeÃ±a,Pasaje J. NepeÃ±a,-76.9718431,-12.1093372
1089,Avenida Primavera,Pasaje J. NepeÃ±a,-76.9715784,-12.1094193
1090,JirÃ³n AldebarÃ¡n,Santa Elena Norte,-76.967532,-12.1041503
1091,JirÃ³n AldebarÃ¡n,Helechos,-76.9688692,-12.1037077
1092,JirÃ³n AldebarÃ¡n,La Malva,-76.9665778,-12.1045163
1093,JirÃ³n AldebarÃ¡n,El Aliso,-76.9673036,-12.1042379
1094,Avenida El Polo,JirÃ³n La Conquista,-76.9711913,-12.100071
1095,Avenida El Polo,Calle Los Tulipanes,-76.9712979,-12.1003681
1096,Avenida El Polo,Boulevard,-76.9709923,-12.0996026
1097,Avenida El Polo,JirÃ³n El Incario,-76.9721283,-12.1024239
1098,Avenida El Polo,JirÃ³n EmancipaciÃ³n,-76.9730409,-12.1047357
1099,Avenida El Polo,Francisco de Cuellar,-76.9742161,-12.1076964
1100,Avenida El Polo,Calle Los Apaches,-76.9737741,-12.1065827
1101,Avenida El Polo,JirÃ³n Cartavio,-76.974513,-12.1084442
1102,Avenida El Polo,Calle Quilla,-76.9739144,-12.1069363
1103,Avenida El Polo,Sintuco,-76.9732242,-12.1051973
1104,Avenida El Polo,Calle Padre Luis Tezza,-76.9721283,-12.1024239
1105,Avenida El Polo,JirÃ³n Cayalti,-76.9726511,-12.1037535
1106,Avenida Tambo Real,Alfredo Rosenblat,-76.9704875,-12.1115639
1107,Avenida Tambo Real,SeÃ±or de Sipan,-76.9696188,-12.1127138
1108,Avenida Tambo Real,Tambo Real,-76.9710597,-12.1107883
1109,Avenida Tambo Real,JirÃ³n Alonso de Molina,-76.9710597,-12.1107883
1110,Alamo,San Ignacio,-76.9710641,-12.108399
1111,Alamo,Avenida La Encalada,-76.9719608,-12.1079646
1112,Alamo,Pasaje El Molino,-76.9714292,-12.10817
1113,JirÃ³n Hermano Lobo,JirÃ³n Las Garzas,-76.9826872,-12.1062417
1114,JirÃ³n Hermano Lobo,Alameda Los Picaflores,-76.9829017,-12.1062571
1115,JirÃ³n Hermano Lobo,JirÃ³n Alfredo GaleÃ³n,-76.9837644,-12.1063189
1116,JirÃ³n Hermano Lobo,JirÃ³n Hermano Lobo,-76.9837644,-12.1063189
1117,Avenida Boulevard de Surco,Avenida San Borja Norte,-76.9892231,-12.0961131
1118,Avenida Boulevard de Surco,Avenida Boulevard de Surco,-76.9892234,-12.0961655
1119,JirÃ³n Los Recuerdos,Mora,-76.9821331,-12.1094354
1120,JirÃ³n Los Recuerdos,JirÃ³n Alfredo GaleÃ³n,-76.9835267,-12.1095222
1121,JirÃ³n Los Recuerdos,Avenida Velasco Astete,-76.9845092,-12.1096032
1122,Avenida San Borja Norte,Mac Mahon,-76.9863165,-12.096368
1123,Avenida San Borja Norte,Eduardo Ford,-76.9878668,-12.0963304
1124,Avenida Esmeralda,JirÃ³n Alfredo GaleÃ³n,-76.9836453,-12.1078676
1125,Monte Flor,Avenida del Sur,-76.9829177,-12.114087
1126,Monte Flor,JirÃ³n Monte Blanco,-76.9832495,-12.1132825
1127,Calle Monte Carlo,Avenida Velasco Astete,-76.9842855,-12.1150306
1128,Calle Monte Carlo,JirÃ³n Monte Carmelo,-76.9852758,-12.1151152
1129,Buena fe,Avenida Juan Bielovucic Cavalier,-76.9816894,-12.1034626
1130,Buena fe,JirÃ³n Pacaritambo,-76.9815678,-12.1044377
1131,Florecillas,JirÃ³n Los Recuerdos,-76.9806241,-12.107933
1132,Florecillas,Avenida Buena Vista,-76.9797768,-12.1080991
1133,Avenida Primavera,Monte Seco,-76.9858123,-12.1108961
1134,Calle Monte Carlo,Calle Monte Alegre,-76.9863832,-12.1151965
1135,JirÃ³n Monte Carmelo,Calle Monte Mayor,-76.9853228,-12.1142827
1136,JirÃ³n Monte Carmelo,JirÃ³n Monte Blanco,-76.9853766,-12.113429
1137,JirÃ³n Monte Carmelo,Calle Monte Alegre,-76.9852206,-12.1159619
1138,JirÃ³n Monte Carmelo,Calle Monte Umbroso,-76.9851212,-12.1170263
1139,JirÃ³n Monte Carmelo,Monte Real,-76.9855034,-12.1118501
1140,JirÃ³n Monte Carmelo,Calle Monte Carlo,-76.9852758,-12.1151152
1141,Monte Flor,Avenida Los Precursores,-76.9791584,-12.1136794
1142,JirÃ³n Monterrey,Calle Monte Bello,-76.9917519,-12.113027
1143,JirÃ³n Mayorazgo,JirÃ³n Los Recuerdos,-76.9809975,-12.1088818
1144,JirÃ³n Mayorazgo,JirÃ³n Alfredo GaleÃ³n,-76.9835878,-12.1086698
1145,JirÃ³n Mayorazgo,JirÃ³n Las Garzas,-76.9825279,-12.1086134
1146,Avenida Primavera,Pasaje Sausalito,-76.9869888,-12.1106437
1147,JirÃ³n Monte Real,Monte Flor,-76.9820875,-12.111595
1148,JirÃ³n Alonso de Molina,Avenida Central,-76.9647649,-12.1061619
1149,JirÃ³n Alonso de Molina,Calle El Recuerdo,-76.9639431,-12.1055669
1150,JirÃ³n Alonso de Molina,Calle Las Clivias,-76.9636177,-12.1053384
1151,JirÃ³n Alonso de Molina,Avenida Jose Nicolas Rodrigo,-76.9624729,-12.1045294
1152,JirÃ³n Alonso de Molina,JirÃ³n Las Fresias,-76.9631961,-12.1050422
1153,Avenida Central,Aster,-76.9650598,-12.1056751
1154,Avenida Central,Calle Las Cantuas,-76.9642533,-12.1072884
1155,Avenida Central,25 de Setiembre,-76.9639677,-12.1078675
1156,Avenida Central,JirÃ³n Johan Sebastian Bach,-76.9637169,-12.1083422
1157,Avenida Central,Wolfgang Amadeus Mozart,-76.9632173,-12.1087336
1158,Avenida Central,Ovalo Los Delfines,-76.9653715,-12.1051459
1159,Avenida Central,Federico Chopin,-76.9622213,-12.108759
1160,Avenida Central,JirÃ³n Alonso de Molina,-76.9647649,-12.1061619
1161,Avenida Central,Avenida Central,-76.9622213,-12.108759
1162,Avenida El Polo,PÃ­o XII,-76.9681342,-12.0951302
1163,Avenida Primavera,Los Robles,-76.9647204,-12.1045784
1164,Avenida Primavera,Calle La Pergola,-76.9642351,-12.1042264
1165,Avenida Lima Polo,Calle Union,-76.9667801,-12.0996581
1166,Avenida Lima Polo,Avenida Los Algarrobos,-76.9654919,-12.1001387
1167,Avenida Lima Polo,PÃ­o XII,-76.9660508,-12.0999317
1168,JirÃ³n Cartavio,Pomalca,-76.9739813,-12.1086238
1169,Pedro de Candia,Avenida El Polo,-76.9748352,-12.1092799
1170,JirÃ³n Monte Real,Calle Monte Claro,-76.9829212,-12.111672
1171,Balsamina,Las Casuarinas,-76.9724934,-12.1165563
1172,Balsamina,Pulla Raymondi,-76.9724934,-12.1165563
1173,JirÃ³n Alonso de Molina,Don Diego de DÃ­a,-76.9732598,-12.1123924
1174,JirÃ³n Alonso de Molina,Paramonga,-76.9721675,-12.1115856
1175,JirÃ³n Alonso de Molina,Chavin,-76.9726556,-12.1119336
1176,JirÃ³n Alonso de Molina,Tambo Real,-76.9710597,-12.1107883
1177,JirÃ³n Alonso de Molina,Avenida Tambo Real,-76.9710597,-12.1107883
1178,JirÃ³n Alonso de Molina,Alamo,-76.9698804,-12.1099348
1179,JirÃ³n Alonso de Molina,Santa Elena Sur,-76.967318,-12.1080531
1180,JirÃ³n Alonso de Molina,Avenida Tomasal,-76.9686878,-12.1090576
1181,JirÃ³n Alonso de Molina,Calle La Ameda,-76.9695959,-12.1097255
1182,Santa Elena Sur,Avenida Primavera,-76.9680573,-12.1070008
1183,Santa Elena Sur,JirÃ³n Tuman,-76.9676405,-12.1076088
1184,Santa Elena Sur,Santa Elena Norte,-76.9683688,-12.1063366
1185,JirÃ³n Alonso de Molina,Amarilis,-76.9654089,-12.1066458
1186,JirÃ³n Alonso de Molina,Tambo de Oro,-76.9661357,-12.1071804
1187,JirÃ³n Alonso de Molina,Armardo Alvardo,-76.9656876,-12.1068514
1188,Avenida Central,JirÃ³n Las Fresias,-76.9615679,-12.1085573
1189,Avenida Central,Ludwig Van Beethoven,-76.9604371,-12.1082421
1190,Pasaje J. NepeÃ±a,Avenida La Encalada,-76.9724307,-12.1091155
1191,Pasaje El Molino,Alamo,-76.9714292,-12.10817
1192,Pasaje El Molino,Pasaje La Pascana,-76.9715951,-12.1086578
1193,Intercambio Vial El Derby,Avenida El Derby,-76.9772438,-12.0985598
1194,Avenida Tomasal,Tomasal,-76.9675233,-12.1119726
1195,Avenida Tomasal,Pasaje Las Veronicas,-76.9675233,-12.1119726
1196,Avenida San Borja Norte,JirÃ³n Maurice Utrillo,-76.9910822,-12.0956707
1197,Avenida San Borja Norte,Pasaje Lucas Cranach,-76.991844,-12.095142
1198,JirÃ³n Cartavio,Laredo,-76.9729741,-12.1086155
1199,JirÃ³n Cartavio,Avenida La Encalada,-76.9723813,-12.1087339
1200,Calle Padre Luis Tezza,JirÃ³n El Incario,-76.9721283,-12.1024239
1201,Calle Padre Luis Tezza,Avenida La Encalada,-76.9707247,-12.1030053
1202,Calle Padre Luis Tezza,Avenida El Polo,-76.9721283,-12.1024239
1203,CiclovÃ­a San Borja Sur,JirÃ³n Franz Liszt,-76.9929476,-12.1003106
1204,CiclovÃ­a San Borja Sur,JirÃ³n Franz Schubert,-76.9918073,-12.1009844
1205,Avenida Panamericana Sur,Pentagonito,-76.9793761429595,-12.1027592099672
1206,Pasaje Las Veronicas,Tomasal,-76.9675233,-12.1119726
1207,Pasaje Las Veronicas,Avenida Tomasal,-76.9675233,-12.1119726
1208,El Cascajal,Calle Montebrecia,-76.9685088,-12.1164827
1209,El Cascajal,Las Colinas,-76.9675111,-12.1147168
1210,El Cascajal,La Cuesta,-76.9691255,-12.116925
1211,Las Colinas,Avenida Tomasal,-76.968888,-12.1136855
1212,Las Colinas,El Pedregal,-76.9683285,-12.1141224
1213,Avenida Boulevard de Surco,JirÃ³n El Greco,-76.9892353,-12.0973383
1214,Avenida Boulevard de Surco,Calle Mayer,-76.9891924,-12.0988488
1215,Avenida Boulevard de Surco,JirÃ³n LÃ³pez de Ayala,-76.9892428,-12.0967544
1216,Avenida Boulevard de Surco,Calle Juan Gris,-76.989129,-12.0999137
1217,Avenida Boulevard de Surco,JirÃ³n Leon Baumann,-76.9905996,-12.1034242
1218,Avenida Boulevard de Surco,JirÃ³n Bosovich,-76.991676,-12.1057317
1219,Avenida Boulevard de Surco,Avenida San Borja Sur,-76.9903303,-12.1028605
1220,JirÃ³n Franz Liszt,JirÃ³n El Greco,-76.9902294,-12.0970302
1221,JirÃ³n Franz Liszt,JirÃ³n Bethoven,-76.992343,-12.0992424
1222,JirÃ³n Franz Liszt,Calle Amadeo Mozart,-76.9919245,-12.0987823
1223,JirÃ³n Franz Liszt,Calle Juan Gris,-76.9915075,-12.0983489
1224,Avenida San Luis,Avenida Boulevard de Surco,-76.9923269,-12.1066415
1225,JirÃ³n AldebarÃ¡n,Avenida La Encalada,-76.9704488,-12.1035358
1226,JirÃ³n Morro Solar,Avenida Coronel Reynaldo Vivanco,-76.9778586,-12.1149463
1227,JirÃ³n Morro Solar,Calle Montes de Oro,-76.9781579,-12.1129896
1228,JirÃ³n Morro Solar,Pasaje Mercurio Peruano,-76.978366,-12.1117358
1229,JirÃ³n Morro Solar,Pasaje Llanos Zapata,-76.9779766,-12.1142406
1230,JirÃ³n Morro Solar,Avenida Los Precursores,-76.9791422,-12.1106079
1231,JirÃ³n Morro Solar,Calle Monte Casino,-76.977591,-12.1167905
1232,JirÃ³n Morro Solar,JirÃ³n Morro Solar,-76.9791422,-12.1106079
1233,Avenida Coronel Reynaldo Vivanco,Calle Monte Casino,-76.9789873,-12.116258
1234,Avenida Velasco Astete,Avenida del Sur,-76.9841072,-12.1154201
1235,Avenida Velasco Astete,Monte Umbroso,-76.9839825,-12.1169622
1236,Avenida Velasco Astete,JirÃ³n Monte Real,-76.9843658,-12.1117762
1237,Avenida Los Precursores,Pasaje Monte Cristi,-76.9814876,-12.1173136
1238,Calle 20,Calle 20,-76.9810056,-12.0975408
1239,Avenida JoaquÃ­n de la Madrid,Calle Pablo Usandizaga,-76.9930584,-12.1076039
1240,JirÃ³n Monte Real,Monte Real,-76.9843658,-12.1117762
1241,JirÃ³n Monte Real,Avenida Velasco Astete,-76.9843658,-12.1117762
1242,Amadeo Vives,Calle Pablo Usandizaga,-76.9928526,-12.1070643
1243,Calle MartÃ­n Pizarro,JerÃ³nimo de Aliaga Sur,-76.9761553,-12.1136163
1244,Calle MartÃ­n Pizarro,JirÃ³n Bartolome Ruiz,-76.9753706,-12.1131524
1245,Calle MartÃ­n Pizarro,JirÃ³n Domingo de la Presa,-76.9749826,-12.1125548
1246,Pasaje Monte Cristi,Monte Umbroso,-76.9823131,-12.1166092
1247,Pasaje Monte Cristi,Pasaje Montesco,-76.9818341,-12.1169779
1248,Pasaje Monte Cristi,Avenida Los Precursores,-76.9814876,-12.1173136
1249,Calle Monte Casino,JirÃ³n Morro Solar,-76.977591,-12.1167905
1250,Calle Monte Casino,Avenida Coronel Reynaldo Vivanco,-76.9789873,-12.116258
1251,Pasaje Varese,Avenida Boulevard de Surco,-76.9910899,-12.1054194
1252,Pasaje Varese,JirÃ³n Paseo del Bosque,-76.9906005,-12.10565
1253,Calle La Florencia,Avenida de la Floresta,-76.9888101,-12.1063761
1254,Calle La Florencia,Avenida Del Pinar,-76.9897388,-12.1064365
1255,Santa Elena Norte,Santa Elena Sur,-76.9683688,-12.1063366
1256,JirÃ³n Morro Solar,Avenida Primavera,-76.9795568,-12.1103828
1257,Cristobal de Peralta Sur,Avenida Primavera,-76.9774159,-12.1102154
1258,Paradero,Avenida Panamericana Sur,-76.9778508,-12.1125924
1259,Avenida El Polo,JirÃ³n Pucala,-76.9749822,-12.1100446
1260,Avenida El Polo,Avenida Primavera,-76.9749921,-12.1099123
1261,Avenida El Polo,Pedro de Candia,-76.9748352,-12.1092799
1262,Avenida Del Pinar,Sicilia,-76.9896995,-12.1070294
1263,JirÃ³n Alfredo GaleÃ³n,JirÃ³n Pacaritambo,-76.9838913,-12.1046167
1264,JirÃ³n Hermano Lobo,Avenida Velasco Astete,-76.984901,-12.1064004
1265,JirÃ³n Hermano Lobo,JirÃ³n Los Recuerdos,-76.9807351,-12.1061018
1266,JirÃ³n Las Garzas,JirÃ³n Mayorazgo,-76.9825279,-12.1086134
1267,Botiger,JirÃ³n El Greco,-76.9898325,-12.0971561
1268,Calle Juan Gris,Avenida Boulevard de Surco,-76.989129,-12.0999137
1269,Avenida Central,JirÃ³n Nicola Paganini,-76.9611415,-12.1085697
1270,Intercambio Vial El Derby,Avenida San Borja Norte,-76.983999,-12.0967628
1271,Monte Seco,Monte Real,-76.9857421,-12.1118625
1272,Monte Seco,Avenida Primavera,-76.9858123,-12.1108961
1273,JirÃ³n Monterrey,Calle Monte Sierpe,-76.9865767,-12.1126705
1274,Avenida La Encalada,JirÃ³n AldebarÃ¡n,-76.9704488,-12.1035358
1275,Calle 5,Calle 2,-76.9616719,-12.0982996
1276,Pasaje NicolÃ¡s de Rivera,Pedro de Candia,-76.9777053,-12.1073355
1277,Pasaje NicolÃ¡s de Rivera,CristÃ³bal de la Peralta Norte,-76.9783702,-12.1074141
1278,Madre Selva,Avenida Buganvilla,-76.9751839,-12.1163269
1279,Paseo del Bosque,Avenida Primavera,-76.9926691,-12.1110565
1280,Intercambio Vial El Derby,Avenida Buena Vista,-76.9810558053798,-12.0964963946488
1281,Intercambio Vial El Derby,Pasaje 21,-76.9823605869485,-12.0966629462026
1282,Avenida El Derby,Avenida La RepÃºblica,-76.9757367,-12.0983696
1283,Avenida El Derby,Intercambio Vial El Derby,-76.9772438,-12.0985598
1284,JirÃ³n Trinidad,Calle La Pradera,-76.990573,-12.1099656
1285,JirÃ³n Trinidad,Verona,-76.9914359,-12.1100264
1286,JirÃ³n Tinajones,Calle Aricota,-76.9924011,-12.114799
1287,Pasaje 21,Calle 20,-76.9822406,-12.0975078
1288,Pasaje 21,Pasaje 21,-76.9823444,-12.0967768
1289,Avenida Esmeralda,Avenida Del Pinar,-76.9896097,-12.1081034
1290,CristÃ³bal de la Peralta Norte,Intercambio Vial El Derby,-76.9795148936231,-12.0988702909067
1291,Avenida San Luis,JirÃ³n Romero Hidalgo,-76.9934789,-12.1043287
1292,JirÃ³n Romero Hidalgo,JirÃ³n Leon Baumann,-76.9920158,-12.1023699
1293,JirÃ³n Romero Hidalgo,JirÃ³n Bosovich,-76.9929546,-12.1040379
1294,JirÃ³n Romero Hidalgo,Avenida San Luis,-76.9934789,-12.1043287
1295,Avenida San Luis,CiclovÃ­a San Luis,-76.9921706,-12.1071208
1296,Avenida San Borja Sur,Avenida de la Floresta,-76.9902638,-12.1027258
1297,Avenida San Borja Sur,Avenida Boulevard de Surco,-76.9902638,-12.1027258
1298,Pasaje Tundras,Avenida Jose Nicolas Rodrigo,-76.96225,-12.1048305
1299,Pasaje Tundras,JirÃ³n Las Fresias,-76.9629694,-12.1053483
1300,Pasaje Selva Virgen,Avenida Jose Nicolas Rodrigo,-76.961534,-12.1057937
1301,Pasaje Selva Virgen,JirÃ³n Las Fresias,-76.962265,-12.1062991
1302,Avenida Primavera,JirÃ³n Morro Solar,-76.9795568,-12.1103828
1303,Avenida Buena Vista,JirÃ³n Pacaritambo,-76.9800158,-12.1043182
1304,Avenida Buena Vista,Pasaje San Lucas,-76.9799426,-12.1055204
1305,JirÃ³n Pacaritambo,Ciclovia Buenavista,-76.9800422,-12.1043202
1306,Avenida La Encalada,Los Alamos,-76.9703846,-12.1038469
1307,JirÃ³n Cayalti,Laredo,-76.9713375,-12.1045815
1308,JirÃ³n Cayalti,Pomalca,-76.9721406,-12.1040431
1309,JirÃ³n Cayalti,Avenida El Polo,-76.9726511,-12.1037535
1310,Avenida La Encalada,San Luis,-76.9716076,-12.10682
1311,Avenida La Encalada,Canelo,-76.9712172,-12.1058961
1312,Avenida La Encalada,Casa Grande,-76.9726259,-12.1093023
1313,Avenida La Encalada,JirÃ³n Cartavio,-76.9723813,-12.1087339
1314,JirÃ³n Paseo del Bosque,Avenida San Borja Norte,-76.9885144,-12.0961065
1315,JirÃ³n Paseo del Bosque,Talavera,-76.9879953,-12.0946608
1316,Avenida Boulevard de Surco,Calle Amadeo Mozart,-76.9893039,-12.1005358
1317,Avenida Boulevard de Surco,JirÃ³n Bethoven,-76.9895631,-12.101179
1318,Avenida Velasco Astete,Palo Santo,-76.9847068,-12.1092311
1319,Avenida Juan Bielovucic Cavalier,Bielovucic Cavalier,-76.9801909,-12.1030455
1320,Avenida JoaquÃ­n de la Madrid,Calle Melissa,-76.9924038,-12.1080078
1321,CiclovÃ­a San Luis,Avenida San Luis,-76.9921706,-12.1071208
1322,Pasaje La Pascana,Pasaje El Molino,-76.9715951,-12.1086578
1323,Calle 10,JirÃ³n 27,-76.9810882,-12.0956682
1324,Pasaje Sausalito,JirÃ³n Trinidad,-76.9870696,-12.1097158
1325,Pasaje Sausalito,Avenida Primavera,-76.9869888,-12.1106437
1326,Ciclovia Buenavista,JirÃ³n Pacaritambo,-76.9800422,-12.1043202
1327,Pasaje 21,JirÃ³n 27,-76.9825178,-12.0958631
1328,Pasaje 21,Avenida San Borja Norte,-76.9823498,-12.0967387
1329,Pasaje 21,Intercambio Vial El Derby,-76.9823605869485,-12.0966629462026
1330,Ciclovia San Borja Norte,CiclovÃ­a San Borja Norte,-76.9901368,-12.0957934
1331,CiclovÃ­a San Borja Norte,Ciclovia San Borja Norte,-76.9901368,-12.0957934
1332,CiclovÃ­a Primavera,CiclovÃ­a Primavera,-76.9919236,-12.1112567
1333,CiclovÃ­a Primavera,Monte Bello,-76.9918771,-12.1112552
1334,CiclovÃ­a Primavera,Calle Monte Pio,-76.9886024,-12.111066
1335,CiclovÃ­a Primavera,Avenida Velasco Astete,-76.9844373,-12.1107819
