id,name,name_2
1,Avenida San Borja Sur,JirÃ³n Franz Liszt
2,Avenida San Borja Sur,JirÃ³n Franz Schubert
3,Avenida San Borja Norte,Avenida Buena Vista
4,Avenida San Borja Norte,Pasaje 21
5,Avenida Buena Vista,Avenida San Borja Norte
6,Avenida Buena Vista,Calle 20
7,Avenida Buena Vista,Hurtado
8,Avenida Buena Vista,Yeves
9,Avenida Buena Vista,Sena
10,Avenida Buena Vista,Intercambio Vial El Derby
11,Avenida Buena Vista,Avenida Juan Bielovucic Cavalier
12,Avenida Buena Vista,Avenida Primavera
13,Avenida Buena Vista,Duarez
14,Bielovucic Cavalier,Avenida Buena Vista
15,Bielovucic Cavalier,Avenida Juan Bielovucic Cavalier
16,Avenida Juan Bielovucic Cavalier,Avenida Velasco Astete
17,Avenida Juan Bielovucic Cavalier,Avenida Buena Vista
18,Avenida Juan Bielovucic Cavalier,Alameda Los Picaflores
19,Avenida Juan Bielovucic Cavalier,Buena fe
20,Avenida Esmeralda,JirÃ³n Los Recuerdos
21,Avenida Esmeralda,JirÃ³n Las Garzas
22,Avenida Esmeralda,Calle Matamoros
23,Avenida Esmeralda,Avenida Velasco Astete
24,Avenida de la Floresta,Avenida Esmeralda
25,Avenida de la Floresta,Calle La Florencia
26,Avenida de la Floresta,JirÃ³n Paseo del Bosque
27,Avenida Primavera,Avenida Velasco Astete
28,Avenida San Luis,Bosque
29,Avenida San Luis,San Borja
30,Avenida San Luis,Calle Melissa
31,Avenida San Luis,Avenida JoaquÃ­n de la Madrid
32,Avenida Lima Polo,Avenida La Encalada
33,Avenida Lima Polo,Avenida El Derby
34,Avenida Lima Polo,Calle La Girlada
35,Avenida El Derby,Avenida Manuel Olguin
36,Avenida El Polo,JirÃ³n Buen Retiro
37,Avenida El Polo,JirÃ³n El Cortijo
38,Avenida El Polo,Avenida La Encalada
39,Avenida La Encalada,Paramonga
40,Avenida La Encalada,JirÃ³n Alonso de Molina
41,Avenida La Encalada,Pucala
42,Avenida La Encalada,Avenida Primavera
43,Avenida La Encalada,Chavin
44,Avenida Primavera,Calle El Recuerdo
45,Avenida Primavera,Avenida NicolÃ s Rodrigo
46,Avenida Primavera,Ovalo Los Delfines
47,Avenida Primavera,Santa Elena Norte
48,Avenida Primavera,Calle La Arboleda
49,Avenida Primavera,Santa Elena Sur
50,Los Alamos,JirÃ³n AldebarÃ¡n
51,Los Alamos,Ovalo Los Delfines
52,JirÃ³n AldebarÃ¡n,Los Alamos
53,JirÃ³n AldebarÃ¡n,Ovalo Los Delfines
54,Los Alamos,Avenida La Encalada
55,Avenida Manuel Olguin,JirÃ³n La Conquista
56,Avenida Manuel Olguin,Avenida El Derby
57,Conde de La Vega,Pasaje Monte Hermoso
58,Conde de La Vega,JirÃ³n Monte Flor
59,Conde de La Vega,Monte Umbroso
60,Conde de La Vega,Calle Monte Real
61,Conde de La Vega,JirÃ³n Monte Real
62,Calle Monte Mayor,Avenida De la Floresta
63,Calle Monte Mayor,JirÃ³n Monte Carmelo
64,Monte Umbroso,Avenida Monte Umbroso
65,Monte Flor,JirÃ³n Monte Real
66,JirÃ³n Monte Blanco,Avenida Velasco Astete
67,JirÃ³n Monte Blanco,JirÃ³n Monte Carmelo
68,Calle Montelimar,Calle Monte Cruz
69,Calle Montelimar,Montelimar
70,Calle Monte Sierpe,JirÃ³n Monterrey
71,JirÃ³n Los Aviadores,Calle Monte Lunar
72,JirÃ³n Los Aviadores,Avenida Caminos del Inca
73,Calle Monte Carlo,Avenida De la Floresta
74,JirÃ³n Breton,JirÃ³n Durero
75,JirÃ³n Durero,JirÃ³n Breton
76,JirÃ³n Durero,Avenida San Borja Norte
77,Avenida Velasco Astete Oeste,Calle 26
78,Avenida Velasco Astete Oeste,JirÃ³n 27
79,Avenida Velasco Astete Oeste,Avenida San Borja Norte
80,Calle 26,Avenida Velasco Astete Oeste
81,Calle 26,Calle 29
82,Calle 26,Calle 25
83,Calle 26,Calle 22
84,Calle 26,JirÃ³n 24
85,JirÃ³n 27,Avenida Velasco Astete Oeste
86,JirÃ³n 27,Calle 22
87,JirÃ³n 27,JirÃ³n 24
88,JirÃ³n 27,Calle 10
89,JirÃ³n 27,Pasaje 21
90,Calle 29,Calle 26
91,Calle 25,Calle 26
92,Mac Mahon,Avenida San Borja Norte
93,Eduardo Ford,Talavera
94,Eduardo Ford,Calle Leonard Bernstein
95,Eduardo Ford,Avenida San Borja Norte
96,Calle 22,Calle 26
97,Calle 22,JirÃ³n 27
98,Calle 22,Avenida San Borja Norte
99,JirÃ³n El Greco,JirÃ³n Maurice Utrillo
100,JirÃ³n El Greco,Avenida Boulevard de Surco
101,JirÃ³n El Greco,JirÃ³n Franz Liszt
102,JirÃ³n El Greco,Botiger
103,JirÃ³n Maurice Utrillo,JirÃ³n El Greco
104,JirÃ³n Maurice Utrillo,JirÃ³n Rosetti
105,JirÃ³n Maurice Utrillo,JirÃ³n Fray AngÃ©lico
106,JirÃ³n Maurice Utrillo,JirÃ³n LÃ³pez de Ayala
107,JirÃ³n Maurice Utrillo,Avenida San Borja Norte
108,Botiger,Preising
109,Botiger,Calle Juan Gris
110,Botiger,Calle Mayer
111,JirÃ³n Rosetti,JirÃ³n Maurice Utrillo
112,JirÃ³n Rosetti,Calle Juan Gris
113,Preising,Botiger
114,Preising,Calle Juan Gris
115,Calle Juan Gris,Botiger
116,Calle Juan Gris,Preising
117,Calle Juan Gris,JirÃ³n Franz Schubert
118,Calle Amadeo Mozart,JirÃ³n Franz Schubert
119,Calle Amadeo Mozart,Avenida Boulevard de Surco
120,JirÃ³n Franz Schubert,JirÃ³n Leon Baumann
121,JirÃ³n Franz Schubert,Avenida San Borja Sur
122,JirÃ³n Bethoven,Calle Schipper
123,JirÃ³n Bethoven,JirÃ³n Franz Schubert
124,JirÃ³n Bethoven,JirÃ³n Franz Liszt
125,JirÃ³n Bethoven,Avenida Boulevard de Surco
126,JirÃ³n Franz Liszt,Avenida San Borja Sur
127,JirÃ³n Franz Liszt,JirÃ³n Johanes Brahams
128,JirÃ³n Franz Liszt,Calle Federico Chopin
129,JirÃ³n Franz Liszt,CiclovÃ­a San Borja Sur
130,Calle Schipper,JirÃ³n Bethoven
131,Calle Schipper,JirÃ³n Johanes Brahams
132,Calle Schipper,Calle Federico Chopin
133,JirÃ³n Johanes Brahams,JirÃ³n Franz Liszt
134,JirÃ³n Johanes Brahams,Calle Schipper
135,JirÃ³n Johanes Brahams,JirÃ³n Franz Schubert
136,Calle Federico Chopin,JirÃ³n Franz Liszt
137,Calle Federico Chopin,Calle Schipper
138,Calle Federico Chopin,JirÃ³n Franz Schubert
139,JirÃ³n Leon Baumann,JirÃ³n Franz Schubert
140,JirÃ³n Leon Baumann,Calle Hassinger
141,JirÃ³n Leon Baumann,Schrader
142,JirÃ³n Leon Baumann,Avenida Boulevard de Surco
143,JirÃ³n Leon Baumann,JirÃ³n Romero Hidalgo
144,Calle Hassinger,JirÃ³n Leon Baumann
145,Calle Hassinger,JirÃ³n Bosovich
146,Calle Hassinger,Arregi
147,Schrader,JirÃ³n Leon Baumann
148,Schrader,JirÃ³n Bosovich
149,Schrader,Arregi
150,JirÃ³n Bosovich,Calle Hassinger
151,JirÃ³n Bosovich,Schrader
152,JirÃ³n Bosovich,Avenida Boulevard de Surco
153,JirÃ³n Bosovich,JirÃ³n Romero Hidalgo
154,Calle Melissa,JirÃ³n Paseo del Bosque
155,Calle Melissa,Avenida San Luis
156,Calle Melissa,Avenida JoaquÃ­n de la Madrid
157,JirÃ³n Fray AngÃ©lico,JirÃ³n Maurice Utrillo
158,PÃ­o XII,JirÃ³n Buen Retiro
159,PÃ­o XII,Benjamin Doig Lossio
160,PÃ­o XII,Calle Juan Pablo II
161,PÃ­o XII,Juan XXIII
162,PÃ­o XII,JirÃ³n El Cortijo
163,Calle Pinerolo,PÃ­o XII
164,JirÃ³n Buen Retiro,Avenida El Polo
165,JirÃ³n Buen Retiro,PÃ­o XII
166,JirÃ³n El Cortijo,Avenida El Polo
167,JirÃ³n El Cortijo,Avenida La Encalada
168,Calle La Girlada,Avenida Lima Polo
169,Calle La Girlada,JirÃ³n El Cortijo
170,Calle Union,JirÃ³n El Cortijo
171,Calle Union,Avenida Lima Polo
172,Avenida Los Algarrobos,JirÃ³n El Cortijo
173,Avenida Los Algarrobos,Avenida Lima Polo
174,Jose Nicolas Rodrigo,Avenida Lima Polo
175,Jose Nicolas Rodrigo,JirÃ³n El Cortijo
176,Jose Nicolas Rodrigo,Avenida NicolÃ s Rodrigo
177,Jose Nicolas Rodrigo,Cineraria
178,Avenida Lima Polo,Jose Nicolas Rodrigo
179,Avenida Lima Polo,Avenida NicolÃ s Rodrigo
180,Benjamin Doig Lossio,PÃ­o XII
181,Calle Juan Pablo II,PÃ­o XII
182,Cineraria,Calle Ponciana Regia
183,Cineraria,Pasaje El Mangle
184,Cineraria,Las Caliandras
185,Calle Ponciana Regia,Cineraria
186,Calle Ponciana Regia,Los Cafetos
187,Los Cafetos,Calle Ponciana Regia
188,Los Cafetos,Pasaje El Mangle
189,Los Cafetos,Las Caliandras
190,Pasaje El Mangle,Cineraria
191,Pasaje El Mangle,Los Cafetos
192,Calle Flor de Liz,Cineraria
193,Las Caliandras,Cineraria
194,Las Caliandras,Los Cafetos
195,Calle 2,Calle 5
196,JirÃ³n El Cortijo,Aymaras
197,JirÃ³n El Cortijo,Avenida Manuel Olguin
198,JirÃ³n El Cortijo,Los Eucaliptos
199,JirÃ³n El Cortijo,Los Alamos
200,Calle El Parral,Los Eucaliptos
201,Calle El Parral,Los Alamos
202,Aymaras,JirÃ³n El Cortijo
203,Aymaras,Avenida El Derby
204,JirÃ³n La Conquista,Avenida Manuel Olguin
205,JirÃ³n La Conquista,Avenida El Polo
206,Calle Los Tulipanes,Avenida La Encalada
207,Calle Los Tulipanes,Avenida El Polo
208,JirÃ³n El Incario,Avenida Manuel Olguin
209,JirÃ³n El Incario,JirÃ³n La Conquista
210,JirÃ³n El Incario,Avenida La RepÃºblica
211,JirÃ³n El Incario,Avenida El Polo
212,JirÃ³n El Incario,Calle Padre Luis Tezza
213,JirÃ³n EmancipaciÃ³n,Avenida Manuel Olguin
214,JirÃ³n EmancipaciÃ³n,JirÃ³n La Conquista
215,JirÃ³n EmancipaciÃ³n,GonzÃ¡lo MartÃ­n de Trujillo
216,JirÃ³n EmancipaciÃ³n,Avenida El Polo
217,Avenida Manuel Olguin,JirÃ³n El Incario
218,Avenida Manuel Olguin,JirÃ³n EmancipaciÃ³n
219,JirÃ³n La Conquista,JirÃ³n El Incario
220,JirÃ³n La Conquista,JirÃ³n EmancipaciÃ³n
221,Avenida La RepÃºblica,La Colonia
222,Avenida La RepÃºblica,Francisco de Cuellar
223,Avenida La RepÃºblica,CristÃ³bal de la Peralta Norte
224,JirÃ³n SantorÃ­n,La Colonia
225,JirÃ³n SantorÃ­n,CristÃ³bal de la Peralta Norte
226,JirÃ³n SantorÃ­n,Avenida La RepÃºblica
227,La Colonia,Avenida La RepÃºblica
228,La Colonia,JirÃ³n SantorÃ­n
229,Francisco de Cuellar,Avenida La RepÃºblica
230,Francisco de Cuellar,GonzÃ¡lo MartÃ­n de Trujillo
231,Francisco de Cuellar,Calle 4
232,Francisco de Cuellar,JirÃ³n Cartavio
233,Francisco de Cuellar,Los Apaches
234,Francisco de Cuellar,Avenida El Polo
235,GonzÃ¡lo MartÃ­n de Trujillo,JirÃ³n EmancipaciÃ³n
236,GonzÃ¡lo MartÃ­n de Trujillo,Francisco de Cuellar
237,GonzÃ¡lo MartÃ­n de Trujillo,Los Araucanos
238,Los Araucanos,GonzÃ¡lo MartÃ­n de Trujillo
239,Los Araucanos,Los Apaches
240,Calle Los Apaches,Avenida El Polo
241,JerÃ³nimo de Aliaga Norte,Pedro de Candia
242,JerÃ³nimo de Aliaga Norte,Garcia de Salcedo
243,JerÃ³nimo de Aliaga Norte,Torre
244,JerÃ³nimo de Aliaga Norte,CristÃ³bal de la Peralta Norte
245,JerÃ³nimo de Aliaga Norte,Avenida Primavera
246,Pedro de Candia,JerÃ³nimo de Aliaga Norte
247,Pedro de Candia,Pasaje NicolÃ¡s de Rivera
248,Garcia de Salcedo,JerÃ³nimo de Aliaga Norte
249,Garcia de Salcedo,Pedro de Candia
250,Torre,JerÃ³nimo de Aliaga Norte
251,Torre,Calle 4
252,Calle 4,Francisco de Cuellar
253,Calle 4,Torre
254,Calle 4,JirÃ³n Cartavio
255,JirÃ³n Cartavio,Francisco de Cuellar
256,JirÃ³n Cartavio,Calle 4
257,JirÃ³n Cartavio,Avenida El Polo
258,Don Diego de DÃ­a,Alfredo Rosenblat
259,Don Diego de DÃ­a,Mariano Rivero y Ustariz
260,Don Diego de DÃ­a,SeÃ±or de Sipan
261,Don Diego de DÃ­a,SebastiÃ¡n Barranca
262,Don Diego de DÃ­a,JirÃ³n Alonso de Molina
263,Alfredo Rosenblat,Don Diego de DÃ­a
264,Alfredo Rosenblat,Paramonga
265,Alfredo Rosenblat,Las Casuarinas
266,Alfredo Rosenblat,Avenida Tambo Real
267,Mariano Rivero y Ustariz,Don Diego de DÃ­a
268,Mariano Rivero y Ustariz,Carlos Monge Medrano
269,Mariano Rivero y Ustariz,Las Casuarinas
270,Mariano Rivero y Ustariz,Calle Arturo Alcade Mongrut
271,Mariano Rivero y Ustariz,Paramonga
272,SeÃ±or de Sipan,Don Diego de DÃ­a
273,SeÃ±or de Sipan,Paramonga
274,SeÃ±or de Sipan,Las Laderas de las Casuarinas
275,SeÃ±or de Sipan,Avenida Tambo Real
276,Paramonga,Avenida La Encalada
277,Paramonga,Alfredo Rosenblat
278,Paramonga,Mariano Rivero y Ustariz
279,Paramonga,SeÃ±or de Sipan
280,Paramonga,San Martin
281,Paramonga,JirÃ³n Alonso de Molina
282,Avenida Tomasal,Avenida Tambo Real
283,Avenida Tomasal,Carlos Monge Medrano
284,Avenida Tomasal,Las Casuarinas
285,Avenida Tomasal,Las Laderas de las Casuarinas
286,Avenida Tomasal,Don Diego de Noche
287,Avenida Tomasal,Las Colinas
288,Tambo Real,Santo Domingo
289,Tambo Real,Avenida Primavera
290,Tambo Real,Avenida Tambo Real
291,Tambo Real,JirÃ³n Alonso de Molina
292,Avenida Tambo Real,Avenida Tomasal
293,Tomasal,Avenida Tomasal
294,Tomasal,Pasaje Las Veronicas
295,Calle Montebrecia,El Cascajal
296,Calle Las Laderas,Calle San Jorge
297,Carlos Monge Medrano,Mariano Rivero y Ustariz
298,Carlos Monge Medrano,Avenida Tomasal
299,Carlos Monge Medrano,Godofredo Garcia Diaz
300,Carlos Monge Medrano,Calle Arturo Alcade Mongrut
301,SebastiÃ¡n Barranca,Don Diego de DÃ­a
302,SebastiÃ¡n Barranca,Calle Arturo Alcade Mongrut
303,Godofredo Garcia Diaz,Carlos Monge Medrano
304,Godofredo Garcia Diaz,Las Casuarinas
305,Alamo,JirÃ³n Tuman
306,Alamo,Avenida Primavera
307,Alamo,JirÃ³n Alonso de Molina
308,San Martin,Paramonga
309,San Martin,Santo Domingo
310,Santo Domingo,Tambo Real
311,Santo Domingo,San Martin
312,JirÃ³n Cayalti,San Ignacio
313,JirÃ³n Cayalti,Aracari
314,JirÃ³n Cayalti,Santa Elena Norte
315,JirÃ³n Cayalti,Avenida La Encalada
316,JirÃ³n Cayalti,Calle Zinnia
317,San Ignacio,JirÃ³n Cayalti
318,San Ignacio,San Jacinto
319,San Ignacio,El Carmelo
320,San Ignacio,Calle MarÃ­a Luisa
321,San Ignacio,Alamo
322,San Jacinto,San Ignacio
323,San Jacinto,Aracari
324,San Jacinto,Avenida La Encalada
325,Aracari,JirÃ³n Cayalti
326,Aracari,San Jacinto
327,El Carmelo,San Ignacio
328,El Carmelo,Los Vinzos
329,El Carmelo,Avenida La Encalada
330,Calle MarÃ­a Luisa,San Ignacio
331,Calle MarÃ­a Luisa,Los Vinzos
332,Calle MarÃ­a Luisa,Avenida La Encalada
333,Los Vinzos,El Carmelo
334,Los Vinzos,Calle MarÃ­a Luisa
335,Santa Elena Norte,Avenida Primavera
336,Santa Elena Norte,JirÃ³n Cayalti
337,Santa Elena Sur,Calle El Eucalipto
338,Santa Elena Sur,Las Catileyas
339,Santa Elena Sur,JirÃ³n Alonso de Molina
340,Santa Elena Norte,Tamarix
341,Santa Elena Norte,Mazus
342,Santa Elena Norte,Calle Los Duraznos
343,Santa Elena Norte,Calle La Arboleda
344,Santa Elena Norte,Calle Zinnia
345,Santa Elena Norte,JirÃ³n AldebarÃ¡n
346,Tamarix,Santa Elena Norte
347,Mazus,Santa Elena Norte
348,Calle Los Duraznos,Santa Elena Norte
349,Calle La Arboleda,Avenida Primavera
350,Calle La Arboleda,Santa Elena Norte
351,Helechos,El Maizal
352,Helechos,JirÃ³n AldebarÃ¡n
353,El Maizal,Helechos
354,La Malva,JirÃ³n AldebarÃ¡n
355,El Aliso,Calle Baobad
356,El Aliso,JirÃ³n AldebarÃ¡n
357,Calle Baobad,El Aliso
358,Los Narcisos,Ovalo Los Delfines
359,Los Robles,Avenida Primavera
360,Calle El Recuerdo,Avenida Primavera
361,Calle El Recuerdo,JirÃ³n Alonso de Molina
362,Amarilis,Aster
363,Amarilis,Avenida Primavera
364,Amarilis,JirÃ³n Alonso de Molina
365,Aster,Amarilis
366,Aster,Avenida Central
367,Tambo de Oro,Avenida Primavera
368,Tambo de Oro,JirÃ³n Alonso de Molina
369,Armardo Alvardo,Calle Las Cantuas
370,Armardo Alvardo,25 de Setiembre
371,Armardo Alvardo,JirÃ³n Johan Sebastian Bach
372,Armardo Alvardo,JirÃ³n Alonso de Molina
373,Calle Las Cantuas,Armardo Alvardo
374,Calle Las Cantuas,Avenida Central
375,25 de Setiembre,Armardo Alvardo
376,25 de Setiembre,Avenida Central
377,JirÃ³n Johan Sebastian Bach,Armardo Alvardo
378,JirÃ³n Johan Sebastian Bach,Calle Las Clivias
379,JirÃ³n Johan Sebastian Bach,Avenida Central
380,Calle Las Clivias,JirÃ³n Johan Sebastian Bach
381,Calle Las Clivias,JirÃ³n Alonso de Molina
382,JirÃ³n Las Fresias,Avenida Central
383,Calle El Eucalipto,Santa Elena Sur
384,Calle El Eucalipto,Avenida Tomasal
385,Laguna Chica,Avenida Tomasal
386,Las Catileyas,Santa Elena Sur
387,Las Catileyas,Avenida Tomasal
388,Wolfgang Amadeus Mozart,Calle 4
389,Wolfgang Amadeus Mozart,Avenida Central
390,Calle 4,Wolfgang Amadeus Mozart
391,Calle 4,Federico Chopin
392,JirÃ³n Nicola Paganini,Avenida Central
393,Ludwig Van Beethoven,Avenida Jose Nicolas Rodrigo
394,Ludwig Van Beethoven,Avenida Central
395,Avenida Jose Nicolas Rodrigo,Ludwig Van Beethoven
396,Avenida Jose Nicolas Rodrigo,Estepa Rusa
397,Avenida Jose Nicolas Rodrigo,JirÃ³n Alonso de Molina
398,Avenida Jose Nicolas Rodrigo,Pasaje Tundras
399,Avenida Jose Nicolas Rodrigo,Pasaje Selva Virgen
400,Estepa Rusa,Avenida Jose Nicolas Rodrigo
401,Estepa Rusa,JirÃ³n Las Fresias
402,Avenida NicolÃ s Rodrigo,Avenida Primavera
403,Calle La Pergola,Avenida Primavera
404,Pomalca,Calle Quilla
405,Pomalca,San Luis
406,Pomalca,El Milagro
407,Pomalca,Barraza
408,Pomalca,Sintuco
409,Pomalca,Casa Grande
410,Pomalca,Avenida Primavera
411,Pomalca,JirÃ³n Cartavio
412,Laredo,San Luis
413,Laredo,El Milagro
414,Laredo,Barraza
415,Laredo,Canelo
416,Laredo,JirÃ³n Cartavio
417,Laredo,JirÃ³n Cayalti
418,Calle Quilla,Pomalca
419,Calle Quilla,Avenida El Polo
420,San Luis,Pomalca
421,San Luis,Laredo
422,San Luis,Avenida La Encalada
423,El Milagro,Pomalca
424,El Milagro,Laredo
425,El Milagro,Wari
426,Barraza,Pomalca
427,Barraza,Laredo
428,Barraza,Wari
429,Wari,El Milagro
430,Wari,Barraza
431,Canelo,Laredo
432,Canelo,Avenida La Encalada
433,Sintuco,Pomalca
434,Sintuco,Avenida El Polo
435,Casa Grande,Pomalca
436,Casa Grande,Avenida La Encalada
437,Calle Las Laderas,Las Colinas
438,Calle Las Laderas,La Cuesta
439,Alameda La Allamanda,Avenida Buganvilla
440,Avenida Buganvilla,Alameda La Allamanda
441,Avenida Buganvilla,Las Palmas
442,Avenida Buganvilla,Las Casuarinas
443,Avenida Buganvilla,Cristobal de Peralta Sur
444,Avenida Buganvilla,Avenida JacarandÃ¡
445,Avenida Buganvilla,Madre Selva
446,Avenida Buganvilla,Los Olivos
447,Avenida Buganvilla,JerÃ³nimo de Aliaga Sur
448,Esparceta,JerÃ³nimo de Aliaga Sur
449,Esparceta,Los Albaricoques
450,Esparceta,Cristobal de Peralta Sur
451,Las Palmas,Avenida Buganvilla
452,Las Palmas,Los Cactus
453,Las Palmas,Calle Los Alerces
454,Las Palmas,JirÃ³n Alonso de Molina
455,Los Olivos,Avenida Buganvilla
456,Los Olivos,Los Cactus
457,Los Olivos,Calle Los Alerces
458,Los Cactus,Las Palmas
459,Los Cactus,Los Olivos
460,Calle Los Alerces,Las Palmas
461,Calle Los Alerces,Los Olivos
462,Calle Los Alerces,Las Casuarinas
463,JerÃ³nimo de Aliaga Sur,Avenida Buganvilla
464,JerÃ³nimo de Aliaga Sur,Esparceta
465,JerÃ³nimo de Aliaga Sur,Martin de Paz
466,JerÃ³nimo de Aliaga Sur,JirÃ³n Alonso de Molina
467,JerÃ³nimo de Aliaga Sur,Calle MartÃ­n Pizarro
468,Martin de Paz,JerÃ³nimo de Aliaga Sur
469,Martin de Paz,Cristobal de Peralta Sur
470,Martin de Paz,Diego de AgÃ¼ero
471,JirÃ³n Alonso de Molina,Avenida La Encalada
472,JirÃ³n Alonso de Molina,Las Palmas
473,JirÃ³n Alonso de Molina,JerÃ³nimo de Aliaga Sur
474,JirÃ³n Alonso de Molina,Las Casuarinas
475,JirÃ³n Alonso de Molina,Cristobal de Peralta Sur
476,JirÃ³n Alonso de Molina,Diego de AgÃ¼ero
477,JirÃ³n Alonso de Molina,JirÃ³n Domingo de la Presa
478,JirÃ³n Alonso de Molina,Pucala
479,Los Albaricoques,Esparceta
480,Las Casuarinas,Alfredo Rosenblat
481,Las Casuarinas,Mariano Rivero y Ustariz
482,Las Casuarinas,Godofredo Garcia Diaz
483,Las Casuarinas,Avenida Buganvilla
484,Las Casuarinas,Calle Los Alerces
485,Las Casuarinas,JirÃ³n Alonso de Molina
486,Las Casuarinas,Pulla Raymondi
487,Las Casuarinas,Balsamina
488,Las Casuarinas,Avenida Tomasal
489,Las Casuarinas,Avenida La Encalada
490,Pulla Raymondi,Las Casuarinas
491,Pulla Raymondi,Balsamina
492,Cristobal de Peralta Sur,Avenida Buganvilla
493,Cristobal de Peralta Sur,Esparceta
494,Cristobal de Peralta Sur,Martin de Paz
495,Cristobal de Peralta Sur,JirÃ³n Alonso de Molina
496,Boulevard,Avenida La Encalada
497,Boulevard,Avenida El Polo
498,Avenida Primavera,Avenida Buena Vista
499,Avenida Primavera,Avenida Panamericana Sur
500,Avenida Primavera,Cristobal de Peralta Sur
501,Cerro San Francisco,Las Colinas
502,Las Colinas,Calle Las Laderas
503,Las Colinas,El Cascajal
504,CristÃ³bal de la Peralta Norte,Avenida La RepÃºblica
505,CristÃ³bal de la Peralta Norte,JirÃ³n SantorÃ­n
506,JirÃ³n Monte Rosa,Avenida Del Pinar
507,JirÃ³n Monte Rosa,Calle Monte Bello
508,JirÃ³n Monte Rosa,Calle Monte Grande
509,Calle Venecia,Bernstein
510,Calle Venecia,JirÃ³n Trinidad
511,Calle Venecia,Calle Melissa
512,Calle Venecia,Sicilia
513,Calle Matamoros,Avenida Esmeralda
514,Calle Matamoros,JirÃ³n Trinidad
515,Calle Matamoros,Palo Santo
516,Calle MontefrÃ­o,Avenida Los Precursores
517,Calle MontefrÃ­o,Monte Umbroso
518,Pasaje Lucas Cranach,JirÃ³n LÃ³pez de Ayala
519,Pasaje Lucas Cranach,Avenida San Borja Norte
520,Calle Mayer,Botiger
521,Calle Mayer,Avenida Boulevard de Surco
522,Avenida Los Precursores,Calle Montes de Oro
523,Avenida Los Precursores,Pasaje Mercurio Peruano
524,Avenida Los Precursores,Avenida Monte Umbroso
525,Avenida Los Precursores,Calle Monte Real
526,Avenida San Borja Norte,Calle 22
527,Avenida San Borja Norte,Intercambio Vial El Derby
528,JirÃ³n Tuman,Alamo
529,JirÃ³n Tuman,Avenida Tomasal
530,JirÃ³n Tuman,Santa Elena Sur
531,Avenida De la Floresta,Calle Monte Mayor
532,Avenida De la Floresta,Calle Monte Carlo
533,Avenida De la Floresta,Calle Monte Umbroso
534,Avenida De la Floresta,JirÃ³n Monterrey
535,Avenida De la Floresta,Avenida Primavera
536,Pasaje El Molino,Pasaje J. NepeÃ±a
537,Avenida del Sur,Pasaje Monte Hermoso
538,Avenida del Sur,Pasaje Monte Canelo
539,Avenida del Sur,JirÃ³n Monte Flor
540,Avenida del Sur,JirÃ³n Monte Real
541,Avenida del Sur,Avenida Primavera
542,Avenida del Sur,Avenida Velasco Astete
543,Avenida Del Pinar,JirÃ³n Trinidad
544,Avenida Del Pinar,Avenida Primavera
545,Avenida Del Pinar,Avenida Esmeralda
546,Diego de AgÃ¼ero,Martin de Paz
547,Diego de AgÃ¼ero,JirÃ³n Alonso de Molina
548,Calle La Pradera,Bernstein
549,Calle La Pradera,Siena
550,Calle La Pradera,Sicilia
551,Calle La Pradera,Avenida Primavera
552,Calle La Pradera,JirÃ³n Trinidad
553,Calle Monte Claro,Avenida Primavera
554,Calle Monte Claro,JirÃ³n Monte Real
555,Calle Monte Pio,JirÃ³n Monterrey
556,Calle Monte Pio,Avenida Primavera
557,JirÃ³n Bartolome Ruiz,JerÃ³nimo de Aliaga Sur
558,JirÃ³n Bartolome Ruiz,Calle MartÃ­n Pizarro
559,Calle La Pampilla,JirÃ³n Toquepala
560,Calle La Pampilla,Avenida Caminos del Inca
561,Avenida Del Pinar,JirÃ³n Monte Rosa
562,Avenida Del Pinar,JirÃ³n Monterrey
563,JirÃ³n Domingo de la Presa,JirÃ³n Alonso de Molina
564,JirÃ³n Domingo de la Presa,Patapo
565,JirÃ³n Domingo de la Presa,Calle MartÃ­n Pizarro
566,JirÃ³n Los Recuerdos,Avenida Esmeralda
567,JirÃ³n Los Recuerdos,Calle Bello Horizonte
568,JirÃ³n Los Recuerdos,JirÃ³n Pacaritambo
569,JirÃ³n Los Recuerdos,Calle El Dorado
570,JirÃ³n Los Recuerdos,Pasaje San Lucas
571,JirÃ³n Los Recuerdos,Florecillas
572,JirÃ³n Los Recuerdos,JirÃ³n Mayorazgo
573,JirÃ³n Los Recuerdos,JirÃ³n Hermano Lobo
574,CristÃ³bal de la Peralta Norte,JerÃ³nimo de Aliaga Norte
575,Avenida JoaquÃ­n de la Madrid,Avenida San Luis
576,Calle Arturo Alcade Mongrut,Mariano Rivero y Ustariz
577,Calle Arturo Alcade Mongrut,Carlos Monge Medrano
578,Calle Arturo Alcade Mongrut,SebastiÃ¡n Barranca
579,Avenida Coronel Reynaldo Vivanco,Calle Montego Bay
580,Avenida Coronel Reynaldo Vivanco,JirÃ³n BatallÃ³n Tarma
581,Avenida Coronel Reynaldo Vivanco,JirÃ³n Morro Solar
582,Calle Montego Bay,Avenida Coronel Reynaldo Vivanco
583,Calle Montego Bay,Avenida Los Precursores
584,JirÃ³n Pucala,Pucala
585,JirÃ³n Pucala,Avenida Primavera
586,JirÃ³n Pucala,Avenida La Encalada
587,JirÃ³n Pucala,Paramonga
588,JirÃ³n Pucala,Patapo
589,JirÃ³n Pucala,Avenida El Polo
590,Pucala,Avenida La Encalada
591,Pucala,JirÃ³n Alonso de Molina
592,Pucala,JirÃ³n Pucala
593,Calle Montes de Oro,Avenida Los Precursores
594,Calle Montes de Oro,JirÃ³n Morro Solar
595,Avenida De la Floresta,JirÃ³n Monte Cruz
596,JirÃ³n Las Garzas,Avenida Esmeralda
597,JirÃ³n Las Garzas,Calle Bello Horizonte
598,JirÃ³n Las Garzas,Alameda Los Picaflores
599,JirÃ³n Las Garzas,JirÃ³n Hermano Lobo
600,Calle Monte Bello,JirÃ³n Monte Rosa
601,Calle Monte Bello,Pasaje Monte Azul
602,Calle Monte Bello,Monte Bello
603,Calle Monte Bello,Avenida Primavera
604,Calle Monte Bello,JirÃ³n Monterrey
605,Calle Bello Horizonte,JirÃ³n Los Recuerdos
606,Calle Bello Horizonte,JirÃ³n Las Garzas
607,Calle Bello Horizonte,Avenida Buena Vista
608,Calle Monte Lunar,JirÃ³n Los Aviadores
609,Calle Monte Lunar,Avenida Caminos del Inca
610,JirÃ³n Pacaritambo,JirÃ³n Los Recuerdos
611,JirÃ³n Pacaritambo,Alameda Los Picaflores
612,JirÃ³n Pacaritambo,Avenida Velasco Astete
613,JirÃ³n Pacaritambo,Buena fe
614,JirÃ³n Pacaritambo,JirÃ³n Alfredo GaleÃ³n
615,JirÃ³n Pacaritambo,Avenida Buena Vista
616,JirÃ³n Matarani,JirÃ³n Toquepala
617,JirÃ³n Matarani,Pasaje La Mina
618,Ensenada,Avenida Primavera
619,Calle Monte Cruz,Calle Montelimar
620,JirÃ³n CaÃ±Ã³n del Pato,JirÃ³n Toquepala
621,JirÃ³n CaÃ±Ã³n del Pato,JirÃ³n Tampumachay
622,JirÃ³n CaÃ±Ã³n del Pato,JirÃ³n Fortaleza de Paramonga
623,JirÃ³n CaÃ±Ã³n del Pato,Pasaje La Mina
624,JirÃ³n CaÃ±Ã³n del Pato,Avenida Caminos del Inca
625,JirÃ³n Toquepala,Calle La Pampilla
626,JirÃ³n Toquepala,JirÃ³n Matarani
627,JirÃ³n Toquepala,JirÃ³n CaÃ±Ã³n del Pato
628,Avenida Los Precursores,Calle MontefrÃ­o
629,Avenida Los Precursores,BatallÃ³n Tarma
630,Avenida Los Precursores,JirÃ³n BatallÃ³n Tarma
631,Avenida Los Precursores,Monte Flor
632,Avenida Los Precursores,Calle Montego Bay
633,Juan XXIII,PÃ­o XII
634,Juan XXIII,Paulo VI
635,Pentagonito,Avenida Panamericana Sur
636,JirÃ³n El Cortijo,PÃ­o XII
637,JirÃ³n El Cortijo,Calle La Girlada
638,JirÃ³n El Cortijo,Calle Union
639,JirÃ³n El Cortijo,Avenida Los Algarrobos
640,JirÃ³n El Cortijo,Jose Nicolas Rodrigo
641,JirÃ³n El Cortijo,Cineraria
642,Avenida NicolÃ s Rodrigo,Jose Nicolas Rodrigo
643,Avenida NicolÃ s Rodrigo,Avenida Lima Polo
644,Paulo VI,Juan XXIII
645,Avenida El Polo,Avenida El Derby
646,Calle Monte Grande,JirÃ³n Monte Rosa
647,Calle Monte Grande,Pasaje Monte Azul
648,Calle Monte Grande,Avenida Primavera
649,Calle Monte Grande,JirÃ³n Monterrey
650,Pasaje Monte Azul,Calle Monte Bello
651,Pasaje Monte Azul,Calle Monte Grande
652,Calle El Dorado,JirÃ³n Los Recuerdos
653,Calle El Dorado,Alameda Los Picaflores
654,Alameda Los Picaflores,Avenida Juan Bielovucic Cavalier
655,Alameda Los Picaflores,JirÃ³n Pacaritambo
656,Alameda Los Picaflores,JirÃ³n Hermano Lobo
657,Calle 20,Avenida Buena Vista
658,Calle 20,Avenida San Borja Norte
659,Calle 20,Pasaje 21
660,Calle Andalucia,Avenida Esmeralda
661,Calle Andalucia,Calle Buen Retiro
662,Calle Andalucia,JirÃ³n Trinidad
663,Avenida de la Floresta,Avenida Boulevard de Surco
664,Avenida de la Floresta,Avenida San Borja Sur
665,Avenida San Borja Norte,Avenida Boulevard de Surco
666,Avenida San Borja Norte,JirÃ³n Paseo del Bosque
667,Avenida San Borja Norte,Calle 20
668,Avenida Buena Vista,Bielovucic Cavalier
669,Avenida Buena Vista,Calle Bello Horizonte
670,Avenida Buena Vista,Florecillas
671,Avenida San Borja Norte,Avenida Velasco Astete Oeste
672,Avenida Esmeralda,Avenida de la Floresta
673,Avenida Esmeralda,Calle Andalucia
674,Mora,Avenida Primavera
675,Mora,JirÃ³n Los Recuerdos
676,Calle Buen Retiro,Calle Andalucia
677,Calle Buen Retiro,Avenida de la Floresta
678,Avenida Del Pinar,Siena
679,Avenida Del Pinar,JirÃ³n Paseo del Bosque
680,Avenida Del Pinar,Calle La Florencia
681,Bernstein,Calle Venecia
682,Bernstein,Calle La Pradera
683,Avenida San Borja Norte,JirÃ³n Durero
684,Alameda Los Picaflores,JirÃ³n Las Garzas
685,Alameda Los Picaflores,Calle El Dorado
686,JirÃ³n Alfredo GaleÃ³n,JirÃ³n Hermano Lobo
687,JirÃ³n Alfredo GaleÃ³n,Avenida Esmeralda
688,JirÃ³n Alfredo GaleÃ³n,JirÃ³n Los Recuerdos
689,JirÃ³n Alfredo GaleÃ³n,JirÃ³n Mayorazgo
690,Pasaje Mercurio Peruano,Avenida Los Precursores
691,Pasaje Mercurio Peruano,JirÃ³n Morro Solar
692,JerÃ³nimo de Aliaga Sur,JirÃ³n Bartolome Ruiz
693,JerÃ³nimo de Aliaga Sur,Avenida Primavera
694,JerÃ³nimo de Aliaga Sur,Diego de AgÃ¼ero
695,Las Laderas de las Casuarinas,SeÃ±or de Sipan
696,Las Laderas de las Casuarinas,Avenida Tomasal
697,Las Laderas de las Casuarinas,Don Diego de Noche
698,Monte Bello,Avenida Angamos Este
699,Monte Bello,Avenida Primavera
700,Monte Bello,Calle Monte Bello
701,Monte Bello,CiclovÃ­a Primavera
702,JirÃ³n Paseo del Bosque,Avenida de la Floresta
703,Calle Brea y Parinas,JirÃ³n Tampumachay
704,Calle Brea y Parinas,Avenida Caminos del Inca
705,Avenida Primavera,Ensenada
706,Avenida Primavera,Mora
707,Avenida Primavera,JerÃ³nimo de Aliaga Norte
708,Avenida Primavera,Pomalca
709,Avenida Primavera,CristÃ³bal de la Peralta Norte
710,Avenida Primavera,Avenida El Polo
711,Avenida Primavera,Avenida La Encalada
712,Avenida La Encalada,JirÃ³n Cayalti
713,Avenida La Encalada,San Jacinto
714,Avenida La Encalada,El Carmelo
715,Avenida La Encalada,Calle MarÃ­a Luisa
716,Avenida La Encalada,Alamo
717,Avenida La Encalada,Pasaje J. NepeÃ±a
718,Avenida Primavera,Tambo Real
719,Avenida Primavera,Alamo
720,Avenida Primavera,Amarilis
721,Avenida Primavera,Tambo de Oro
722,Avenida Primavera,Avenida Tomasal
723,Avenida Primavera,JirÃ³n Pucala
724,Avenida Primavera,JerÃ³nimo de Aliaga Sur
725,Avenida Panamericana Sur,Paradero
726,Avenida La Encalada,Las Casuarinas
727,Avenida La Encalada,JirÃ³n Pucala
728,Avenida Manuel Olguin,JirÃ³n El Cortijo
729,Avenida El Derby,Avenida La Encalada
730,Avenida El Derby,Avenida Lima Polo
731,Avenida El Derby,Aymaras
732,Avenida El Derby,Avenida El Polo
733,Avenida La Encalada,Avenida Lima Polo
734,Avenida La Encalada,Calle Los Tulipanes
735,Avenida La Encalada,Boulevard
736,Avenida La Encalada,Avenida El Derby
737,Avenida La Encalada,Calle Padre Luis Tezza
738,Avenida La Encalada,JirÃ³n El Cortijo
739,Ovalo Los Delfines,Avenida Primavera
740,Ovalo Los Delfines,Los Alamos
741,Ovalo Los Delfines,JirÃ³n AldebarÃ¡n
742,Ovalo Los Delfines,Los Narcisos
743,Ovalo Los Delfines,Avenida Central
744,Calle M. Ganoza,Monte Umbroso
745,Calle Monte Alegre,Calle Monte Carlo
746,Avenida Primavera,Calle Monte Bello
747,Avenida Primavera,Calle Monte Grande
748,Avenida Primavera,Monte Bello
749,Paramonga,JirÃ³n Pucala
750,Paramonga,Patapo
751,Intercambio Vial El Derby,Avenida Panamericana Sur
752,Intercambio Vial El Derby,CristÃ³bal de la Peralta Norte
753,Patapo,JirÃ³n Domingo de la Presa
754,Patapo,JirÃ³n Pucala
755,Patapo,Paramonga
756,Avenida Primavera,Avenida Angamos Este
757,Avenida Caminos del Inca,JirÃ³n Los Aviadores
758,Avenida Caminos del Inca,Calle Monte Lunar
759,Pasaje Monte Hermoso,Conde de La Vega
760,Pasaje Monte Hermoso,Avenida del Sur
761,Monte Flor,Pasaje Monte Canelo
762,Pasaje Monte Canelo,Avenida del Sur
763,Pasaje Monte Canelo,Monte Flor
764,JirÃ³n Tampumachay,JirÃ³n CaÃ±Ã³n del Pato
765,JirÃ³n Tampumachay,Calle Brea y Parinas
766,JirÃ³n Tampumachay,Calle Aricota
767,JirÃ³n Fortaleza de Paramonga,JirÃ³n CaÃ±Ã³n del Pato
768,Calle Aricota,JirÃ³n Tampumachay
769,Calle Aricota,Avenida Caminos del Inca
770,Calle Aricota,JirÃ³n Tinajones
771,Calle Vilcabamba,JirÃ³n Tinajones
772,Calle Punta Pejerrey,JirÃ³n Tinajones
773,Calle Punta Pejerrey,Avenida Caminos del Inca
774,Calle Punta Pejerrey,JirÃ³n Monterrey
775,Pasaje La Mina,JirÃ³n Matarani
776,Pasaje La Mina,JirÃ³n CaÃ±Ã³n del Pato
777,Paseo del Bosque,JirÃ³n Trinidad
778,Paseo del Bosque,Bosque
779,Paseo del Bosque,San Borja
780,Paseo del Bosque,Calle Melissa
781,Paseo del Bosque,JirÃ³n Paseo del Bosque
782,Talavera,Eduardo Ford
783,Talavera,JirÃ³n Paseo del Bosque
784,Calle Leonard Bernstein,Eduardo Ford
785,Hurtado,Avenida Buena Vista
786,Yeves,Avenida Buena Vista
787,Sena,Avenida Buena Vista
788,Pasaje San Lucas,JirÃ³n Los Recuerdos
789,Pasaje San Lucas,Avenida Buena Vista
790,Duarez,Avenida Buena Vista
791,JirÃ³n Trinidad,Calle Matamoros
792,JirÃ³n Trinidad,Avenida Del Pinar
793,JirÃ³n Trinidad,Calle Andalucia
794,JirÃ³n Trinidad,Avenida de la Floresta
795,JirÃ³n Trinidad,Pasaje Sausalito
796,Calle Matamoros,Avenida Primavera
797,Palo Santo,Calle Matamoros
798,Palo Santo,Avenida Velasco Astete
799,Siena,Calle La Pradera
800,Siena,Avenida Del Pinar
801,JirÃ³n Trinidad,Calle Venecia
802,JirÃ³n Trinidad,Paseo del Bosque
803,Verona,Avenida Primavera
804,Verona,JirÃ³n Trinidad
805,Bosque,Avenida San Luis
806,Bosque,Paseo del Bosque
807,San Borja,Avenida San Luis
808,San Borja,Paseo del Bosque
809,Calle Melissa,Calle Venecia
810,Calle Melissa,Paseo del Bosque
811,TurÃ­n,Avenida Boulevard de Surco
812,TurÃ­n,JirÃ³n Paseo del Bosque
813,Varese,Avenida Boulevard de Surco
814,Varese,JirÃ³n Paseo del Bosque
815,Napoles,Avenida Boulevard de Surco
816,Napoles,JirÃ³n Paseo del Bosque
817,Pisa,Avenida Boulevard de Surco
818,Pisa,JirÃ³n Paseo del Bosque
819,Brescia,Avenida Boulevard de Surco
820,Brescia,JirÃ³n Paseo del Bosque
821,Arregi,Calle Hassinger
822,Arregi,Schrader
823,Avenida Velasco Astete,Avenida Esmeralda
824,Avenida Velasco Astete,JirÃ³n Pacaritambo
825,Avenida Velasco Astete,JirÃ³n Hermano Lobo
826,CristÃ³bal de la Peralta Norte,Avenida Primavera
827,CristÃ³bal de la Peralta Norte,Pasaje NicolÃ¡s de Rivera
828,Avenida Los Precursores,Pasaje Llanos Zapata
829,Pasaje Llanos Zapata,Avenida Los Precursores
830,Pasaje Llanos Zapata,JirÃ³n Morro Solar
831,Avenida Los Precursores,JirÃ³n Morro Solar
832,Avenida Boulevard de Surco,Avenida de la Floresta
833,Avenida Boulevard de Surco,TurÃ­n
834,Avenida Boulevard de Surco,Varese
835,Avenida Boulevard de Surco,Napoles
836,Avenida Boulevard de Surco,Pisa
837,Avenida Boulevard de Surco,Brescia
838,Avenida Boulevard de Surco,Pasaje Varese
839,Avenida Boulevard de Surco,Avenida San Luis
840,Avenida La RepÃºblica,JirÃ³n SantorÃ­n
841,Avenida La RepÃºblica,Avenida El Derby
842,Avenida Panamericana Sur,Intercambio Vial El Derby
843,Avenida Angamos Este,Monte Bello
844,Los Eucaliptos,JirÃ³n El Cortijo
845,Los Eucaliptos,Calle El Parral
846,Avenida Panamericana Sur,Avenida Primavera
847,Avenida La RepÃºblica,JirÃ³n El Incario
848,Avenida del Sur,Monte Flor
849,JirÃ³n Monterrey,Calle Monte Pio
850,JirÃ³n Monterrey,Avenida Del Pinar
851,JirÃ³n Monterrey,Calle Monte Grande
852,Avenida Primavera,Avenida de la Floresta
853,Avenida de la Floresta,Calle Buen Retiro
854,Avenida de la Floresta,JirÃ³n Trinidad
855,Calle Pablo Usandizaga,Avenida JoaquÃ­n de la Madrid
856,Calle Pablo Usandizaga,Amadeo Vives
857,JirÃ³n Tinajones,Calle Vilcabamba
858,JirÃ³n Tinajones,Calle Punta Pejerrey
859,JirÃ³n Franz Schubert,Calle Juan Gris
860,JirÃ³n Franz Schubert,Calle Amadeo Mozart
861,JirÃ³n Franz Schubert,JirÃ³n Bethoven
862,JirÃ³n Franz Schubert,JirÃ³n Johanes Brahams
863,JirÃ³n Franz Schubert,Calle Federico Chopin
864,JirÃ³n Franz Schubert,CiclovÃ­a San Borja Sur
865,JirÃ³n LÃ³pez de Ayala,JirÃ³n Maurice Utrillo
866,JirÃ³n LÃ³pez de Ayala,Pasaje Lucas Cranach
867,JirÃ³n LÃ³pez de Ayala,Avenida Boulevard de Surco
868,JirÃ³n Fray AngÃ©lico,Calle Juan Gris
869,Avenida La Encalada,Avenida El Polo
870,Cerro San Francisco,La Cumbre
871,Cineraria,Jose Nicolas Rodrigo
872,Cineraria,Calle Flor de Liz
873,Cineraria,JirÃ³n El Cortijo
874,Don Diego de Noche,Avenida Tomasal
875,Don Diego de Noche,Las Laderas de las Casuarinas
876,La Cuesta,Calle Las Laderas
877,La Cuesta,El Cascajal
878,La Cumbre,Cerro San Francisco
879,JirÃ³n La NiÃ±a,Calle Monte Umbroso
880,Las Colinas,Cerro San Francisco
881,Los Alamos,JirÃ³n El Cortijo
882,Los Alamos,Calle El Parral
883,JirÃ³n 24,Calle 26
884,JirÃ³n 24,JirÃ³n 27
885,Calle Monte Alegre,JirÃ³n Monte Carmelo
886,JirÃ³n Monte Cruz,Avenida De la Floresta
887,JirÃ³n Monte Cruz,Montelimar
888,JirÃ³n Monte Flor,Conde de La Vega
889,JirÃ³n Monte Flor,Avenida del Sur
890,JirÃ³n Monte Flor,Monte Flor
891,JirÃ³n Monte Flor,Monte Umbroso
892,Monte Flor,JirÃ³n Monte Flor
893,Monte Flor,Monte Umbroso
894,Monte Umbroso,Conde de La Vega
895,Monte Umbroso,Calle M. Ganoza
896,Monte Umbroso,Calle Monte Umbroso
897,Monte Umbroso,Avenida Velasco Astete
898,Monte Umbroso,Pasaje Monte Cristi
899,Monte Umbroso,Calle MontefrÃ­o
900,Monte Umbroso,JirÃ³n Monte Flor
901,Monte Umbroso,Monte Flor
902,Monte Umbroso,JirÃ³n BatallÃ³n Tarma
903,Calle Monte Umbroso,Avenida De la Floresta
904,Calle Monte Umbroso,JirÃ³n La NiÃ±a
905,Calle Monte Umbroso,Avenida Velasco Astete
906,Calle Monte Umbroso,JirÃ³n Monte Carmelo
907,Montelimar,Calle Montelimar
908,Montelimar,JirÃ³n Monte Cruz
909,PÃ­o XII,Avenida Lima Polo
910,PÃ­o XII,Calle Pinerolo
911,PÃ­o XII,Avenida El Polo
912,Diego de AgÃ¼ero,JerÃ³nimo de Aliaga Sur
913,Avenida JacarandÃ¡,Avenida Buganvilla
914,Federico Chopin,Calle 4
915,Federico Chopin,Avenida Central
916,Los Apaches,Francisco de Cuellar
917,Los Apaches,Los Araucanos
918,Monte Real,Avenida Velasco Astete
919,Monte Real,JirÃ³n Monte Carmelo
920,Monte Real,JirÃ³n Monte Real
921,Monte Real,Monte Seco
922,Avenida Monte Umbroso,Monte Umbroso
923,Avenida Monte Umbroso,Avenida Los Precursores
924,JirÃ³n Monterrey,Avenida De la Floresta
925,Pedro de Candia,Garcia de Salcedo
926,Pedro de Candia,Torre
927,Avenida Tomasal,Calle El Eucalipto
928,Avenida Tomasal,Laguna Chica
929,Avenida Tomasal,Las Catileyas
930,Avenida Tomasal,JirÃ³n Tuman
931,Avenida Tomasal,Avenida Primavera
932,Avenida Tomasal,JirÃ³n Alonso de Molina
933,Calle Zinnia,JirÃ³n Cayalti
934,Calle Zinnia,Santa Elena Norte
935,Pasaje Montesco,JirÃ³n BatallÃ³n Tarma
936,Pasaje Montesco,Pasaje Monte Cristi
937,El Pedregal,Las Colinas
938,JirÃ³n BatallÃ³n Tarma,Avenida Coronel Reynaldo Vivanco
939,JirÃ³n BatallÃ³n Tarma,Avenida Los Precursores
940,JirÃ³n BatallÃ³n Tarma,BatallÃ³n Tarma
941,BatallÃ³n Tarma,Avenida Los Precursores
942,BatallÃ³n Tarma,JirÃ³n BatallÃ³n Tarma
943,JirÃ³n BatallÃ³n Tarma,Monte Umbroso
944,JirÃ³n BatallÃ³n Tarma,Pasaje Montesco
945,Calle Amadeo Mozart,JirÃ³n Franz Liszt
946,Calle Juan Gris,JirÃ³n Rosetti
947,Calle Juan Gris,JirÃ³n Fray AngÃ©lico
948,Calle Juan Gris,JirÃ³n Franz Liszt
949,Sicilia,Calle Venecia
950,Sicilia,Calle La Pradera
951,Sicilia,JirÃ³n Paseo del Bosque
952,JirÃ³n Paseo del Bosque,Calle Melissa
953,JirÃ³n Paseo del Bosque,Avenida Del Pinar
954,JirÃ³n Paseo del Bosque,Paseo del Bosque
955,JirÃ³n Paseo del Bosque,TurÃ­n
956,JirÃ³n Paseo del Bosque,Varese
957,JirÃ³n Paseo del Bosque,Napoles
958,JirÃ³n Paseo del Bosque,Pisa
959,JirÃ³n Paseo del Bosque,Brescia
960,JirÃ³n Paseo del Bosque,Sicilia
961,JirÃ³n Paseo del Bosque,Pasaje Varese
962,Chavin,Avenida La Encalada
963,Chavin,JirÃ³n Alonso de Molina
964,Torre,Pedro de Candia
965,Pomalca,JirÃ³n Cayalti
966,Calle La Ameda,JirÃ³n Alonso de Molina
967,Calle La Cumbre,Calle Laguna Chica
968,Calle Laguna Chica,Calle La Cumbre
969,Calle San Jorge,Calle Las Laderas
970,Calle Monte Real,Conde de La Vega
971,Calle Monte Real,Avenida Los Precursores
972,Calle Monte Real,JirÃ³n Monte Real
973,Sicilia,Avenida Del Pinar
974,JirÃ³n Las Fresias,Estepa Rusa
975,JirÃ³n Las Fresias,JirÃ³n Alonso de Molina
976,JirÃ³n Las Fresias,Pasaje Tundras
977,JirÃ³n Las Fresias,Pasaje Selva Virgen
978,Calle Monte Pio,CiclovÃ­a Primavera
979,Avenida Angamos Este,Avenida Primavera
980,Avenida Caminos del Inca,Calle Punta Pejerrey
981,Avenida Caminos del Inca,JirÃ³n Monterrey
982,JirÃ³n Monterrey,Calle Punta Pejerrey
983,JirÃ³n Monterrey,Avenida Caminos del Inca
984,Avenida Primavera,Avenida Del Pinar
985,Avenida Primavera,Calle La Pradera
986,Avenida Primavera,Verona
987,Avenida Primavera,Paseo del Bosque
988,Calle Monte Umbroso,Monte Umbroso
989,JirÃ³n Monte Blanco,Monte Flor
990,JirÃ³n Monte Real,Conde de La Vega
991,JirÃ³n Monte Real,Avenida del Sur
992,JirÃ³n Monte Real,Calle Monte Real
993,Avenida Primavera,Avenida del Sur
994,Avenida Primavera,Calle Monte Claro
995,Avenida Velasco Astete,Avenida Primavera
996,Avenida Velasco Astete,CiclovÃ­a Primavera
997,Avenida Velasco Astete,JirÃ³n Monte Blanco
998,Avenida Velasco Astete,Calle Monte Umbroso
999,Avenida Velasco Astete,Monte Real
1000,Avenida Velasco Astete,Calle Monte Carlo
